[{"model": "journal.publisher", "pk": 1, "fields": {"nom": "OUJRI", "prenom": "Anass", "email": "anass.urh@outlook.fr", "tel": "0625847379", "description": "", "link": "", "facebook": "", "twitter": "", "youtube": "", "instagram": ""}}, {"model": "journal.categorie", "pk": 1, "fields": {"name": "News", "description": "", "color": "#EF233C", "icon": "fa-file-text", "tabHome": "tab"}}, {"model": "journal.categorie", "pk": 2, "fields": {"name": "Sports", "description": "", "color": "#4db2ec", "icon": "fa-futbol-o", "tabHome": "tabSp"}}, {"model": "journal.categorie", "pk": 3, "fields": {"name": "Technologie", "description": "", "color": "#f9c100", "icon": "fa-laptop", "tabHome": "tabTec"}}, {"model": "journal.categorie", "pk": 4, "fields": {"name": "Style de vie", "description": "", "color": "#4caf50", "icon": "fa-heartbeat", "tabHome": "tabSV"}}, {"model": "journal.categorie", "pk": 5, "fields": {"name": "Internationnal", "description": "", "color": "#222", "icon": "fa-ravelry", "tabHome": "tabInter"}}, {"model": "journal.categorie", "pk": 8, "fields": {"name": "Economie", "description": "", "color": "#000", "icon": "fa-briefcase", "tabHome": "tabEco"}}, {"model": "journal.tag", "pk": 1, "fields": {"name": "Style de vie", "description": "", "color": "#a444bd"}}, {"model": "journal.tag", "pk": 2, "fields": {"name": "Entreprise", "description": "", "color": "#3baaf7"}}, {"model": "journal.tag", "pk": 3, "fields": {"name": "Sant\u00e9 et forme", "description": "", "color": "#3fbcd5"}}, {"model": "journal.tag", "pk": 4, "fields": {"name": "Recettes", "description": "", "color": "#2f9688"}}, {"model": "journal.tag", "pk": 5, "fields": {"name": "Voyage", "description": "", "color": "#5aaf4a"}}, {"model": "journal.tag", "pk": 6, "fields": {"name": "Sport", "description": "", "color": "#53a5f8"}}, {"model": "journal.tag", "pk": 7, "fields": {"name": "Tennis", "description": "", "color": "#558B2F"}}, {"model": "journal.tag", "pk": 8, "fields": {"name": "Football", "description": "", "color": "#AED581"}}, {"model": "journal.tag", "pk": 9, "fields": {"name": "Ligue des champions", "description": "", "color": "#3F51B5"}}, {"model": "journal.tag", "pk": 10, "fields": {"name": "Rugby", "description": "", "color": "#000"}}, {"model": "journal.tag", "pk": 11, "fields": {"name": "Afrique", "description": "", "color": "#5D4037"}}, {"model": "journal.tag", "pk": 12, "fields": {"name": "Facebook", "description": "", "color": "#4267b2"}}, {"model": "journal.tag", "pk": 13, "fields": {"name": "Russie", "description": "", "color": "#E0E0E0"}}, {"model": "journal.tag", "pk": 14, "fields": {"name": "\u00c9tats-Unis", "description": "", "color": "#d32f2f"}}, {"model": "journal.tag", "pk": 15, "fields": {"name": "Technologie", "description": "", "color": "#FB8C00"}}, {"model": "journal.tag", "pk": 16, "fields": {"name": "Jeux vid\u00e9o", "description": "", "color": "#4DB6AC"}}, {"model": "journal.tag", "pk": 17, "fields": {"name": "R\u00e9seaux sociaux", "description": "", "color": "#283593"}}, {"model": "journal.tag", "pk": 18, "fields": {"name": "Snapchat", "description": "", "color": "#FFEB3B"}}, {"model": "journal.tag", "pk": 19, "fields": {"name": "Internet", "description": "", "color": "#4DD0E1"}}, {"model": "journal.tag", "pk": 20, "fields": {"name": "Agriculture", "description": "", "color": "#D4E157"}}, {"model": "journal.tag", "pk": 21, "fields": {"name": "Maroc", "description": "", "color": "#f44336"}}, {"model": "journal.tag", "pk": 22, "fields": {"name": "France", "description": "", "color": "#2196F3"}}, {"model": "journal.tag", "pk": 23, "fields": {"name": "Banque", "description": "", "color": "#303F9F"}}, {"model": "journal.tag", "pk": 24, "fields": {"name": "Economie", "description": "", "color": "#757575"}}, {"model": "journal.tag", "pk": 25, "fields": {"name": "Union europ\u00e9enne", "description": "", "color": "#3949AB"}}, {"model": "journal.tag", "pk": 26, "fields": {"name": "Internationnal", "description": "", "color": "#546E7A"}}, {"model": "journal.tag", "pk": 27, "fields": {"name": "Palestine", "description": "", "color": "#880E4F"}}, {"model": "journal.tag", "pk": 28, "fields": {"name": "North Korea", "description": "", "color": "#37474F"}}, {"model": "journal.tag", "pk": 29, "fields": {"name": "Musique", "description": "", "color": "#607D8B"}}, {"model": "journal.image", "pk": 4, "fields": {"description": "main1", "image": "uploads/images/main1.jpg", "datePublication": "2018-04-19T00:44:23.886Z", "lien": null}}, {"model": "journal.image", "pk": 7, "fields": {"description": "main2", "image": "uploads/images/main2.jpg", "datePublication": "2018-04-19T01:11:10.499Z", "lien": null}}, {"model": "journal.image", "pk": 8, "fields": {"description": "main3", "image": "uploads/images/main3.jpg", "datePublication": "2018-04-19T01:11:27.887Z", "lien": null}}, {"model": "journal.image", "pk": 9, "fields": {"description": "LifeStyle", "image": "uploads/images/lifestyle8.jpg", "datePublication": "2018-04-20T02:20:54.089Z", "lien": null}}, {"model": "journal.image", "pk": 10, "fields": {"description": "image", "image": "uploads/images/60.jpg", "datePublication": "2018-04-20T02:32:08.458Z", "lien": null}}, {"model": "journal.image", "pk": 11, "fields": {"description": "image", "image": "uploads/images/61.jpg", "datePublication": "2018-04-20T02:33:19.442Z", "lien": null}}, {"model": "journal.image", "pk": 12, "fields": {"description": "image", "image": "uploads/images/62.jpg", "datePublication": "2018-04-20T02:34:25.233Z", "lien": null}}, {"model": "journal.image", "pk": 13, "fields": {"description": "image", "image": "uploads/images/lifestyle4.jpg", "datePublication": "2018-04-20T02:36:27.783Z", "lien": null}}, {"model": "journal.image", "pk": 14, "fields": {"description": "image", "image": "uploads/images/lifestyle7.jpg", "datePublication": "2018-04-20T02:43:13.939Z", "lien": null}}, {"model": "journal.image", "pk": 15, "fields": {"description": "image", "image": "uploads/images/lifestyle6.jpg", "datePublication": "2018-04-20T02:43:52.229Z", "lien": null}}, {"model": "journal.image", "pk": 16, "fields": {"description": "image", "image": "uploads/images/lifestyle5.jpg", "datePublication": "2018-04-20T02:44:52.648Z", "lien": null}}, {"model": "journal.image", "pk": 17, "fields": {"description": "image", "image": "uploads/images/8549213a769d2900c2bc075f46a948a7699a3048.jpg", "datePublication": "2018-04-20T04:03:37.458Z", "lien": null}}, {"model": "journal.image", "pk": 18, "fields": {"description": "image", "image": "uploads/images/manchester_city.jpg", "datePublication": "2018-04-20T04:05:04.646Z", "lien": null}}, {"model": "journal.image", "pk": 19, "fields": {"description": "football", "image": "uploads/images/football-tirage-demi-finales-c1-ligue-champions-bayern-real-madrid-liverpool-roma.jpg", "datePublication": "2018-04-20T04:06:33.616Z", "lien": null}}, {"model": "journal.image", "pk": 20, "fields": {"description": "image", "image": "uploads/images/6adb6ebbb0d48a2be94f227f85c48cbff7481d15.jpg", "datePublication": "2018-04-20T04:08:33.169Z", "lien": null}}, {"model": "journal.image", "pk": 21, "fields": {"description": "image", "image": "uploads/images/bc22cf0e6708c1c07f8f09545250eec7204b2b84.jpg", "datePublication": "2018-04-20T04:09:16.116Z", "lien": null}}, {"model": "journal.image", "pk": 22, "fields": {"description": "image", "image": "uploads/images/943a1fc069992a743d8d9caa9b36decf90bc1178.jpg", "datePublication": "2018-04-20T04:10:11.738Z", "lien": null}}, {"model": "journal.image", "pk": 23, "fields": {"description": "image", "image": "uploads/images/psg_20.jpg", "datePublication": "2018-04-20T04:11:22.440Z", "lien": null}}, {"model": "journal.image", "pk": 24, "fields": {"description": "image", "image": "uploads/images/000_1429wb.jpg", "datePublication": "2018-04-20T04:13:36.230Z", "lien": null}}, {"model": "journal.image", "pk": 25, "fields": {"description": "image", "image": "uploads/images/dims.jpg", "datePublication": "2018-04-20T04:28:54.235Z", "lien": null}}, {"model": "journal.image", "pk": 26, "fields": {"description": "facebook", "image": "uploads/images/facebook-nouveaux-parametres.jpeg", "datePublication": "2018-04-20T04:31:22.315Z", "lien": null}}, {"model": "journal.image", "pk": 27, "fields": {"description": "us", "image": "uploads/images/cyberattack-170418.jpeg", "datePublication": "2018-04-20T04:32:58.794Z", "lien": null}}, {"model": "journal.image", "pk": 28, "fields": {"description": "image", "image": "uploads/images/strikes_france_sncf.jpg", "datePublication": "2018-04-20T04:35:09.733Z", "lien": null}}, {"model": "journal.image", "pk": 29, "fields": {"description": "image", "image": "uploads/images/main_kissoro_masseka.jpg", "datePublication": "2018-04-20T04:35:52.849Z", "lien": null}}, {"model": "journal.image", "pk": 30, "fields": {"description": "image", "image": "uploads/images/rsz_000_m93le.jpg", "datePublication": "2018-04-20T04:37:09.341Z", "lien": null}}, {"model": "journal.image", "pk": 31, "fields": {"description": "facebook", "image": "uploads/images/090418-facebook-cambridge-m.jpg", "datePublication": "2018-04-20T04:41:14.066Z", "lien": null}}, {"model": "journal.image", "pk": 32, "fields": {"description": "hsj", "image": "uploads/images/pierre-broissand-amomentofstillness2-hd.jpg", "datePublication": "2018-04-20T14:28:03.273Z", "lien": null}}, {"model": "journal.image", "pk": 33, "fields": {"description": "", "image": "uploads/images/siam_2018.jpg", "datePublication": "2018-04-20T17:57:21.410Z", "lien": null}}, {"model": "journal.image", "pk": 34, "fields": {"description": "bmce", "image": "uploads/images/bmce.jpeg", "datePublication": "2018-04-20T17:59:25.821Z", "lien": null}}, {"model": "journal.image", "pk": 35, "fields": {"description": "voitures", "image": "uploads/images/photos-usine-tanger_1.jpg", "datePublication": "2018-04-20T18:01:19.711Z", "lien": null}}, {"model": "journal.image", "pk": 36, "fields": {"description": "", "image": "uploads/images/ue__0.jpg", "datePublication": "2018-04-20T18:06:47.802Z", "lien": null}}, {"model": "journal.image", "pk": 37, "fields": {"description": "", "image": "uploads/images/airbnb-1084x52900.jpg", "datePublication": "2018-04-20T18:08:41.646Z", "lien": null}}, {"model": "journal.image", "pk": 38, "fields": {"description": "World bank", "image": "uploads/images/banque_mondiale.jpg", "datePublication": "2018-04-20T18:11:13.169Z", "lien": null}}, {"model": "journal.image", "pk": 39, "fields": {"description": "", "image": "uploads/images/moisson-champ-16-2016-gace-france_0_1398_931.jpg", "datePublication": "2018-04-20T18:12:22.820Z", "lien": null}}, {"model": "journal.image", "pk": 40, "fields": {"description": "Casa twin", "image": "uploads/images/casablanca_twin_center_morocco_ricardo_bofill_taller_arquitectura_03.jpg", "datePublication": "2018-04-20T18:13:50.092Z", "lien": null}}, {"model": "journal.image", "pk": 41, "fields": {"description": "", "image": "uploads/images/migrants-algerie_1.jpg.png", "datePublication": "2018-04-20T23:48:57.649Z", "lien": null}}, {"model": "journal.image", "pk": 42, "fields": {"description": "", "image": "uploads/images/subsahariens-agresses.jpg", "datePublication": "2018-04-20T23:50:22.309Z", "lien": null}}, {"model": "journal.image", "pk": 43, "fields": {"description": "", "image": "uploads/images/vieille_bombe_allemagne.jpg", "datePublication": "2018-04-20T23:51:28.435Z", "lien": null}}, {"model": "journal.image", "pk": 44, "fields": {"description": "", "image": "uploads/images/cerf_volant_palestine.jpg", "datePublication": "2018-04-20T23:53:02.035Z", "lien": null}}, {"model": "journal.image", "pk": 45, "fields": {"description": "", "image": "uploads/images/mugabe-grace.jpg", "datePublication": "2018-04-20T23:54:02.580Z", "lien": null}}, {"model": "journal.image", "pk": 46, "fields": {"description": "", "image": "uploads/images/corruption.jpg", "datePublication": "2018-04-20T23:55:09.344Z", "lien": null}}, {"model": "journal.image", "pk": 47, "fields": {"description": "", "image": "uploads/images/policiers_arabie_2.jpg", "datePublication": "2018-04-20T23:56:15.054Z", "lien": null}}, {"model": "journal.image", "pk": 48, "fields": {"description": "", "image": "uploads/images/noueuse.jpeg", "datePublication": "2018-04-20T23:57:41.394Z", "lien": null}}, {"model": "journal.image", "pk": 49, "fields": {"description": "", "image": "uploads/images/imam_salafiste_marseille.jpg", "datePublication": "2018-04-20T23:58:31.618Z", "lien": null}}, {"model": "journal.image", "pk": 50, "fields": {"description": "", "image": "uploads/images/_100972004_gettyimages-842418008.jpg", "datePublication": "2018-04-21T03:22:09.811Z", "lien": null}}, {"model": "journal.image", "pk": 51, "fields": {"description": "", "image": "uploads/images/_100341863_gettyimages-916050890.jpg", "datePublication": "2018-04-21T03:23:21.021Z", "lien": null}}, {"model": "journal.image", "pk": 52, "fields": {"description": "", "image": "uploads/images/30738729_1665409056839433_4150671732182614016_n.jpg", "datePublication": "2018-04-21T03:24:37.951Z", "lien": null}}, {"model": "journal.image", "pk": 53, "fields": {"description": "Avicii", "image": "uploads/images/crop.php.jpg", "datePublication": "2018-04-22T03:04:23.594Z", "lien": null}}, {"model": "journal.image", "pk": 54, "fields": {"description": "", "image": "uploads/images/crop.php_q2bkDrw.jpg", "datePublication": "2018-04-22T03:25:59.856Z", "lien": null}}, {"model": "journal.news", "pk": 1, "fields": {"titre": "Amazon\u2019s Apple Watch killer will be free and sell you everything", "smallTitre": "Amazon\u2019s Apple Watch killer will be free and sell you", "contenu": "null", "datePublication": "2018-04-19T00:48:00.809Z", "nombreVue": 0, "resume": "Populo tritani laboramus ex mei, no eum iuvaret ceteros euripidis, ne alia sadipscing mei. Te inciderint cotidieque pro, ei iisque docendi qui, ne accommodare theophrastus reprehendunt vel. Et commodo menandri eam", "publisher": 1, "categorie": 1, "imagePrincipale": 7, "tag": [15]}}, {"model": "journal.news", "pk": 4, "fields": {"titre": "Intel claims new SSD 750 drives are its fastest ever", "smallTitre": "Intel claims new SSD 750 drives are its fastest ever", "contenu": "null", "datePublication": "2018-04-19T01:12:50.275Z", "nombreVue": 0, "resume": "Populo tritani laboramus ex mei, no eum iuvaret ceteros euripidis, ne alia sadipscing mei. Te inciderint cotidieque pro, ei iisque docendi qui, ne accommodare theophrastus reprehendunt vel. Et commodo menandri eam", "publisher": 1, "categorie": 1, "imagePrincipale": 8, "tag": [15]}}, {"model": "journal.news", "pk": 5, "fields": {"titre": "Traveling Tends to Magnify All Human Emotions", "smallTitre": "Traveling Tends to Magnify All Human Emotions", "contenu": "null", "datePublication": "2018-04-19T01:13:20.570Z", "nombreVue": 0, "resume": "Populo tritani laboramus ex mei, no eum iuvaret ceteros euripidis, ne alia sadipscing mei. Te inciderint cotidieque pro, ei iisque docendi qui, ne accommodare theophrastus reprehendunt vel. Et commodo menandri eam", "publisher": 1, "categorie": 4, "imagePrincipale": 4, "tag": [1, 3, 5]}}, {"model": "journal.news", "pk": 6, "fields": {"titre": "Things you may have missed over the weekend", "smallTitre": "Things you may have missed over the weekend", "contenu": "https://demo.tagdiv.com/newspaper/things-you-may-have-missed-over-the-weekend/", "datePublication": "2018-04-20T02:27:33.865Z", "nombreVue": 0, "resume": "Populo tritani laboramus ex mei, no eum iuvaret ceteros euripidis, ne alia sadipscing mei. Te inciderint cotidieque pro, ei iisque docendi qui, ne accommodare theophrastus reprehendunt vel. Et commodo menandri eam", "publisher": 1, "categorie": 4, "imagePrincipale": 9, "tag": [1, 2, 3, 4, 5]}}, {"model": "journal.news", "pk": 7, "fields": {"titre": "The dangers of eating too much restaurant food", "smallTitre": "The dangers of eating too much restaurant food", "contenu": "https://demo.tagdiv.com/newspaper/td-post-the-dangers-of-eating-too-much-restaurant-food/", "datePublication": "2018-04-20T02:32:20.760Z", "nombreVue": 0, "resume": "Populo tritani laboramus ex mei, no eum iuvaret ceteros euripidis, ne alia sadipscing mei. Te inciderint cotidieque pro, ei iisque docendi qui, ne accommodare theophrastus reprehendunt vel. Et commodo menandri eam", "publisher": 1, "categorie": 4, "imagePrincipale": 10, "tag": [1, 3]}}, {"model": "journal.news", "pk": 8, "fields": {"titre": "10 Superfoods That Lower Cholesterol", "smallTitre": "10 Superfoods That Lower Cholesterol", "contenu": "https://demo.tagdiv.com/newspaper/td-post-10-superfoods-that-lower-cholesterol/", "datePublication": "2018-04-20T02:33:31.406Z", "nombreVue": 0, "resume": "Populo tritani laboramus ex mei, no eum iuvaret ceteros euripidis, ne alia sadipscing mei. Te inciderint cotidieque pro, ei iisque docendi qui, ne accommodare theophrastus reprehendunt vel. Et commodo menandri eam", "publisher": 1, "categorie": 4, "imagePrincipale": 11, "tag": [1, 3]}}, {"model": "journal.news", "pk": 9, "fields": {"titre": "The Secret To Living 200 Years? Just Ask A Whale", "smallTitre": "The Secret To Living 200 Years? Just Ask A Whale", "contenu": "https://demo.tagdiv.com/newspaper/td-post-the-secret-to-living-200-years-just-ask-a-whale/", "datePublication": "2018-04-20T02:34:27.787Z", "nombreVue": 0, "resume": "Populo tritani laboramus ex mei, no eum iuvaret ceteros euripidis, ne alia sadipscing mei. Te inciderint cotidieque pro, ei iisque docendi qui, ne accommodare theophrastus reprehendunt vel. Et commodo menandri eam", "publisher": 1, "categorie": 4, "imagePrincipale": 12, "tag": [1, 3]}}, {"model": "journal.news", "pk": 10, "fields": {"titre": "Three reasons why you should visit the island", "smallTitre": "Three reasons why you should visit the island", "contenu": "https://demo.tagdiv.com/newspaper/three-reasons-why-you-should-visit-the-island/", "datePublication": "2018-04-20T02:36:32.255Z", "nombreVue": 0, "resume": "Populo tritani laboramus ex mei, no eum iuvaret ceteros euripidis, ne alia sadipscing mei. Te inciderint cotidieque pro, ei iisque docendi qui, ne accommodare theophrastus reprehendunt vel. Et commodo menandri eam", "publisher": 1, "categorie": 4, "imagePrincipale": 13, "tag": [1, 2, 3, 4, 5]}}, {"model": "journal.news", "pk": 11, "fields": {"titre": "A taste of what we like this week at Cook", "smallTitre": "A taste of what we like this week at Cook", "contenu": "https://demo.tagdiv.com/newspaper/a-taste-of-what-we-like-this-week-at-cook/", "datePublication": "2018-04-20T02:43:16.345Z", "nombreVue": 0, "resume": "Populo tritani laboramus ex mei, no eum iuvaret ceteros euripidis, ne alia sadipscing mei. Te inciderint cotidieque pro, ei iisque docendi qui, ne accommodare theophrastus reprehendunt vel. Et commodo menandri eam", "publisher": 1, "categorie": 4, "imagePrincipale": 14, "tag": [1, 2, 3, 4, 5, 6]}}, {"model": "journal.news", "pk": 12, "fields": {"titre": "Caramelized onions and yogurt recipe apple", "smallTitre": "Caramelized onions and yogurt recipe apple", "contenu": "https://demo.tagdiv.com/newspaper/caramelized-onions-and-yogurt-recipe-apple/", "datePublication": "2018-04-20T02:44:12.326Z", "nombreVue": 0, "resume": "Populo tritani laboramus ex mei, no eum iuvaret ceteros euripidis, ne alia sadipscing mei. Te inciderint cotidieque pro, ei iisque docendi qui, ne accommodare theophrastus reprehendunt vel. Et commodo menandri eam", "publisher": 1, "categorie": 4, "imagePrincipale": 15, "tag": [1, 2, 3, 4, 5]}}, {"model": "journal.news", "pk": 13, "fields": {"titre": "Health star ratings Kellogg reveals the cereal", "smallTitre": "Health star ratings Kellogg reveals the cereal", "contenu": "https://demo.tagdiv.com/newspaper/health-star-ratings-kellogg-reveals-the-cereal/", "datePublication": "2018-04-20T02:45:09.422Z", "nombreVue": 0, "resume": "Populo tritani laboramus ex mei, no eum iuvaret ceteros euripidis, ne alia sadipscing mei. Te inciderint cotidieque pro, ei iisque docendi qui, ne accommodare theophrastus reprehendunt vel. Et commodo menandri eam", "publisher": 1, "categorie": 4, "imagePrincipale": 16, "tag": [1, 2, 3, 4, 5, 6]}}, {"model": "journal.news", "pk": 14, "fields": {"titre": "Tennis: Nadal et Thiem ont rendez-vous, Djokovic en progr\u00e8s", "smallTitre": "Nadal et Thiem ont rendez-vous, Djokovic en progr\u00e8s", "contenu": "http://www.france24.com/fr/20180419-tennis-nadal-thiem-ont-rendez-vous-djokovic-progres", "datePublication": "2018-04-20T04:03:48.504Z", "nombreVue": 0, "resume": "Populo tritani laboramus ex mei, no eum iuvaret ceteros euripidis, ne alia sadipscing mei. Te inciderint cotidieque pro, ei iisque docendi qui, ne accommodare theophrastus reprehendunt vel. Et commodo menandri eam", "publisher": 1, "categorie": 2, "imagePrincipale": 17, "tag": [6, 7]}}, {"model": "journal.news", "pk": 15, "fields": {"titre": "Football : Manchester City sacr\u00e9 champion d'Angleterre apr\u00e8s une saison de r\u00eave", "smallTitre": "Manchester City sacr\u00e9 champion d'Angleterre", "contenu": "http://www.france24.com/fr/20180415-football-angleterre-sports-football-manchester-city-champion-pep-guardiola", "datePublication": "2018-04-20T04:05:52.040Z", "nombreVue": 0, "resume": "Populo tritani laboramus ex mei, no eum iuvaret ceteros euripidis, ne alia sadipscing mei. Te inciderint cotidieque pro, ei iisque docendi qui, ne accommodare theophrastus reprehendunt vel. Et commodo menandri eam", "publisher": 1, "categorie": 2, "imagePrincipale": 18, "tag": [6, 8]}}, {"model": "journal.news", "pk": 16, "fields": {"titre": "Ligue des champions : Bayern - Real et Liverpool - AS Roma au programme des demies", "smallTitre": "Bayern - Real et Liverpool - AS Roma au programme des demies", "contenu": "http://www.france24.com/fr/20180413-football-tirage-sort-demi-finales-c1-ligue-champions-bayern-real-madrid-liverpool-roma", "datePublication": "2018-04-20T04:07:17.404Z", "nombreVue": 0, "resume": "Populo tritani laboramus ex mei, no eum iuvaret ceteros euripidis, ne alia sadipscing mei. Te inciderint cotidieque pro, ei iisque docendi qui, ne accommodare theophrastus reprehendunt vel. Et commodo menandri eam", "publisher": 1, "categorie": 2, "imagePrincipale": 19, "tag": [6, 8, 9]}}, {"model": "journal.news", "pk": 17, "fields": {"titre": "Turquie: l'entra\u00eeneur de Besiktas bless\u00e9 pendant le derby contre Fenerbah\u00e7e", "smallTitre": "Entra\u00eeneur de Besiktas bless\u00e9 pendant le derby contre Fenerbah\u00e7e", "contenu": "http://www.france24.com/fr/20180419-turquie-lentraineur-besiktas-blesse-pendant-le-derby-contre-fenerbahce", "datePublication": "2018-04-20T04:08:36.679Z", "nombreVue": 0, "resume": "Populo tritani laboramus ex mei, no eum iuvaret ceteros euripidis, ne alia sadipscing mei. Te inciderint cotidieque pro, ei iisque docendi qui, ne accommodare theophrastus reprehendunt vel. Et commodo menandri eam", "publisher": 1, "categorie": 2, "imagePrincipale": 20, "tag": [6, 8]}}, {"model": "journal.news", "pk": 18, "fields": {"titre": "Rugby: Joseph manquera la tourn\u00e9e anglaise en Afrique du Sud", "smallTitre": "Joseph manquera la tourn\u00e9e anglaise en Afrique du Sud", "contenu": "http://www.france24.com/fr/20180419-rugby-joseph-manquera-tournee-anglaise-afrique-sud", "datePublication": "2018-04-20T04:09:35.071Z", "nombreVue": 0, "resume": "Populo tritani laboramus ex mei, no eum iuvaret ceteros euripidis, ne alia sadipscing mei. Te inciderint cotidieque pro, ei iisque docendi qui, ne accommodare theophrastus reprehendunt vel. Et commodo menandri eam", "publisher": 1, "categorie": 2, "imagePrincipale": 21, "tag": [6, 10]}}, {"model": "journal.news", "pk": 19, "fields": {"titre": "Tennis: Djokovic \u00e0 Barcelone ou Budapest la semaine prochaine", "smallTitre": "Djokovic \u00e0 Barcelone ou Budapest la semaine prochaine", "contenu": "http://www.france24.com/fr/20180419-tennis-djokovic-a-barcelone-budapest-semaine-prochaine", "datePublication": "2018-04-20T04:10:21.323Z", "nombreVue": 0, "resume": "Populo tritani laboramus ex mei, no eum iuvaret ceteros euripidis, ne alia sadipscing mei. Te inciderint cotidieque pro, ei iisque docendi qui, ne accommodare theophrastus reprehendunt vel. Et commodo menandri eam", "publisher": 1, "categorie": 2, "imagePrincipale": 22, "tag": [6, 7]}}, {"model": "journal.news", "pk": 20, "fields": {"titre": "Ligue 1 : le PSG s'offre son 7e titre de champion de France en \u00e9crasant Monaco 7-1", "smallTitre": "le PSG s'offre son 7e titre de champion de France", "contenu": "http://www.france24.com/fr/20180415-football-france-ligue-championnat-france-psg-paris-monaco", "datePublication": "2018-04-20T04:11:30.810Z", "nombreVue": 0, "resume": "Populo tritani laboramus ex mei, no eum iuvaret ceteros euripidis, ne alia sadipscing mei. Te inciderint cotidieque pro, ei iisque docendi qui, ne accommodare theophrastus reprehendunt vel. Et commodo menandri eam", "publisher": 1, "categorie": 2, "imagePrincipale": 23, "tag": [6, 8]}}, {"model": "journal.news", "pk": 21, "fields": {"titre": "Afrique du Sud : l'athl\u00e8te fran\u00e7ais David Bellet-Brissaud dispara\u00eet myst\u00e9rieusement \u00e0 Port Elizabeth", "smallTitre": "Athl\u00e8te fran\u00e7ais dispara\u00eet myst\u00e9rieusement \u00e0 Port Elizabeth", "contenu": "http://www.france24.com/fr/20180417-afrique-sud-disparition-mysterieuse-triathlete-francais-port-elizabeth-David-Bellet-Brissau", "datePublication": "2018-04-20T04:14:05.722Z", "nombreVue": 0, "resume": "Populo tritani laboramus ex mei, no eum iuvaret ceteros euripidis, ne alia sadipscing mei. Te inciderint cotidieque pro, ei iisque docendi qui, ne accommodare theophrastus reprehendunt vel. Et commodo menandri eam", "publisher": 1, "categorie": 2, "imagePrincipale": 24, "tag": [6, 11]}}, {"model": "journal.news", "pk": 22, "fields": {"titre": "La Russie s'enlise dans le blocage de Telegram", "smallTitre": "La Russie s'enlise dans le blocage de Telegram", "contenu": "http://www.france24.com/fr/20180419-russie-enlisee-blocage-telegram-facebook-roskomnadzor", "datePublication": "2018-04-20T04:30:40.392Z", "nombreVue": 0, "resume": "Populo tritani laboramus ex mei, no eum iuvaret ceteros euripidis, ne alia sadipscing mei. Te inciderint cotidieque pro, ei iisque docendi qui, ne accommodare theophrastus reprehendunt vel. Et commodo menandri eam", "publisher": 1, "categorie": 3, "imagePrincipale": 25, "tag": [12, 13]}}, {"model": "journal.news", "pk": 23, "fields": {"titre": "Facebook : nouveaux param\u00e8tres de confidentialit\u00e9 pour les utilisateurs d'Europe", "smallTitre": "Facebook : nouveaux param\u00e8tres de confidentialit\u00e9 pour les utilisateurs d'Europe", "contenu": "http://www.france24.com/fr/20180419-europe-facebook-nouveaux-parametres-confidentialite-utilisateurs-cambridge-analytica", "datePublication": "2018-04-20T04:31:30.855Z", "nombreVue": 0, "resume": "Populo tritani laboramus ex mei, no eum iuvaret ceteros euripidis, ne alia sadipscing mei. Te inciderint cotidieque pro, ei iisque docendi qui, ne accommodare theophrastus reprehendunt vel. Et commodo menandri eam", "publisher": 1, "categorie": 3, "imagePrincipale": 26, "tag": [8]}}, {"model": "journal.news", "pk": 24, "fields": {"titre": "Washington et Londres d\u00e9noncent une \"cyberactivit\u00e9 malveillante\" de la Russie", "smallTitre": "Washington et Londres d\u00e9noncent une \"cyberactivit\u00e9 malveillante\" de la Russie", "contenu": "http://www.france24.com/fr/20180417-washington-londres-cyberactivite-malveillante-russie-piratage-informatique", "datePublication": "2018-04-20T04:33:01.514Z", "nombreVue": 0, "resume": "Populo tritani laboramus ex mei, no eum iuvaret ceteros euripidis, ne alia sadipscing mei. Te inciderint cotidieque pro, ei iisque docendi qui, ne accommodare theophrastus reprehendunt vel. Et commodo menandri eam", "publisher": 1, "categorie": 3, "imagePrincipale": 27, "tag": [13, 14]}}, {"model": "journal.news", "pk": 25, "fields": {"titre": "Air France, SNCF, universit\u00e9s : les mouvements sociaux se poursuivent en France", "smallTitre": "les mouvements sociaux se poursuivent en France", "contenu": "http://www.france24.com/fr/20180417-france-greve-air-france-sncf-universites-mouvements-sociaux-macron-bruno-maire", "datePublication": "2018-04-20T04:35:11.886Z", "nombreVue": 0, "resume": "Populo tritani laboramus ex mei, no eum iuvaret ceteros euripidis, ne alia sadipscing mei. Te inciderint cotidieque pro, ei iisque docendi qui, ne accommodare theophrastus reprehendunt vel. Et commodo menandri eam", "publisher": 1, "categorie": 3, "imagePrincipale": 28, "tag": [12, 15]}}, {"model": "journal.news", "pk": 26, "fields": {"titre": "Awal\u00e9, Empire songha\u00ef, Massa\u00ef... Masseka game studios veut faire entrer l'Afrique dans le jeu vid\u00e9o", "smallTitre": "Masseka game studios veut faire entrer l'Afrique dans le jeu vid\u00e9o", "contenu": "http://www.france24.com/fr/20180415-afrique-jeux-video-kissoro-songhai-massai-masseka-game-studios-teddy-kossoko", "datePublication": "2018-04-20T04:36:27.429Z", "nombreVue": 0, "resume": "Populo tritani laboramus ex mei, no eum iuvaret ceteros euripidis, ne alia sadipscing mei. Te inciderint cotidieque pro, ei iisque docendi qui, ne accommodare theophrastus reprehendunt vel. Et commodo menandri eam", "publisher": 1, "categorie": 3, "imagePrincipale": 29, "tag": [15, 16]}}, {"model": "journal.news", "pk": 27, "fields": {"titre": "Mauvaise passe pour Snapchat, l\u00e2ch\u00e9 par les stars", "smallTitre": "Mauvaise passe pour Snapchat, l\u00e2ch\u00e9 par les stars", "contenu": "http://www.france24.com/fr/20180327-snapchat-chute-bourse-rihanna-kylie-jenner-petition-kardashian", "datePublication": "2018-04-20T04:38:23.024Z", "nombreVue": 0, "resume": "Populo tritani laboramus ex mei, no eum iuvaret ceteros euripidis, ne alia sadipscing mei. Te inciderint cotidieque pro, ei iisque docendi qui, ne accommodare theophrastus reprehendunt vel. Et commodo menandri eam", "publisher": 1, "categorie": 3, "imagePrincipale": 30, "tag": [17, 18]}}, {"model": "journal.news", "pk": 28, "fields": {"titre": "Facebook : Mark Zuckerberg s'excuse pour ses \"erreurs\" devant le S\u00e9nat am\u00e9ricain", "smallTitre": "Mark Zuckerberg s'excuse pour ses \"erreurs\"", "contenu": "http://www.france24.com/fr/20180410-facebook-mark-zuckerberg-cambridge-analytica-excuse-erreurs-senat-americain", "datePublication": "2018-04-20T04:39:20.026Z", "nombreVue": 0, "resume": "Populo tritani laboramus ex mei, no eum iuvaret ceteros euripidis, ne alia sadipscing mei. Te inciderint cotidieque pro, ei iisque docendi qui, ne accommodare theophrastus reprehendunt vel. Et commodo menandri eam", "publisher": 1, "categorie": 3, "imagePrincipale": 26, "tag": [8]}}, {"model": "journal.news", "pk": 29, "fields": {"titre": "Facebook     Internet     Cambridge Analytica  Economie Le scandale Facebook ne s\u2019arr\u00eate pas au cas de Cambridge Analytica", "smallTitre": "Le scandale Facebook ne s\u2019arr\u00eate pas au cas de Cambridge Analytica", "contenu": "http://www.france24.com/fr/20180409-scandale-facebook-cambridge-analytica-aiq-harris-media-cubeyou-privacy", "datePublication": "2018-04-20T04:41:41.081Z", "nombreVue": 0, "resume": "Populo tritani laboramus ex mei, no eum iuvaret ceteros euripidis, ne alia sadipscing mei. Te inciderint cotidieque pro, ei iisque docendi qui, ne accommodare theophrastus reprehendunt vel. Et commodo menandri eam", "publisher": 1, "categorie": 3, "imagePrincipale": 31, "tag": [12, 19]}}, {"model": "journal.news", "pk": 30, "fields": {"titre": "IAM 2018: un pavillon pour exposer l\u2019expertise fran\u00e7aise", "smallTitre": "IAM 2018: un pavillon pour exposer l\u2019expertise fran\u00e7aise", "contenu": "http://fr.le360.ma/economie/siam-2018-un-pavillon-pour-exposer-lexpertise-francaise-163536", "datePublication": "2018-04-20T17:58:39.847Z", "nombreVue": 0, "resume": "Populo tritani laboramus ex mei, no eum iuvaret ceteros euripidis, ne alia sadipscing mei. Te inciderint cotidieque pro, ei iisque docendi qui, ne accommodare theophrastus reprehendunt vel. Et commodo menandri eam", "publisher": 1, "categorie": 8, "imagePrincipale": 33, "tag": [20, 21, 22, 24]}}, {"model": "journal.news", "pk": 31, "fields": {"titre": "Environnement. Economie circulaire: BMCE Bank of Africa lance \"CapValoris\"", "smallTitre": "BMCE Bank of Africa lance \"CapValoris\"", "contenu": "http://fr.le360.ma/economie/environnement-economie-circulaire-bmce-bank-of-africa-lance-capvaloris-163668", "datePublication": "2018-04-20T18:00:18.311Z", "nombreVue": 0, "resume": "Populo tritani laboramus ex mei, no eum iuvaret ceteros euripidis, ne alia sadipscing mei. Te inciderint cotidieque pro, ei iisque docendi qui, ne accommodare theophrastus reprehendunt vel. Et commodo menandri eam", "publisher": 1, "categorie": 8, "imagePrincipale": 34, "tag": [2, 23, 24]}}, {"model": "journal.news", "pk": 32, "fields": {"titre": "La Banque mondiale pr\u00e9conise un nouveau mod\u00e8le de croissance pour le Maroc", "smallTitre": "Un nouveau mod\u00e8le de croissance pour le Maroc", "contenu": "http://fr.le360.ma/economie/la-banque-mondiale-preconise-un-nouveau-modele-de-croissance-pour-le-maroc-163644", "datePublication": "2018-04-20T18:01:41.206Z", "nombreVue": 0, "resume": "Populo tritani laboramus ex mei, no eum iuvaret ceteros euripidis, ne alia sadipscing mei. Te inciderint cotidieque pro, ei iisque docendi qui, ne accommodare theophrastus reprehendunt vel. Et commodo menandri eam", "publisher": 1, "categorie": 8, "imagePrincipale": 35, "tag": [21, 23, 24]}}, {"model": "journal.news", "pk": 33, "fields": {"titre": "Diapo. Rabat. Accord de p\u00eache Maroc-UE: les premi\u00e8res images du d\u00e9marrage des n\u00e9gociations", "smallTitre": "Diapo. Rabat. Accord de p\u00eache Maroc-UE", "contenu": "http://fr.le360.ma/economie/diapo-rabat-accord-de-peche-maroc-ue-les-premieres-images-du-demarrage-des-negociations-163642", "datePublication": "2018-04-20T18:07:47.324Z", "nombreVue": 0, "resume": "Populo tritani laboramus ex mei, no eum iuvaret ceteros euripidis, ne alia sadipscing mei. Te inciderint cotidieque pro, ei iisque docendi qui, ne accommodare theophrastus reprehendunt vel. Et commodo menandri eam", "publisher": 1, "categorie": 8, "imagePrincipale": 36, "tag": [21, 24, 25]}}, {"model": "journal.news", "pk": 34, "fields": {"titre": "Airbnb et Booking.com bient\u00f4t tax\u00e9s au Maroc: voici ce qui va changer pour les utilisateurs", "smallTitre": "Airbnb et Booking.com bient\u00f4t tax\u00e9s au Maroc", "contenu": "http://fr.le360.ma/economie/airbnb-et-bookingcom-bientot-taxes-au-maroc-voici-ce-qui-va-changer-pour-les-utilisateurs-163535", "datePublication": "2018-04-20T18:09:09.056Z", "nombreVue": 0, "resume": "Populo tritani laboramus ex mei, no eum iuvaret ceteros euripidis, ne alia sadipscing mei. Te inciderint cotidieque pro, ei iisque docendi qui, ne accommodare theophrastus reprehendunt vel. Et commodo menandri eam", "publisher": 1, "categorie": 8, "imagePrincipale": 37, "tag": [5, 24]}}, {"model": "journal.news", "pk": 35, "fields": {"titre": "Afrique subsaharienne: la banque mondiale prevoit 31 de croissance en 2018", "smallTitre": "La banque mondiale prevoit 31 de croissance en 2018", "contenu": "http://afrique.le360.ma/mauritanie/economie/2018/04/20/20534-afrique-subsaharienne-la-banque-mondiale-prevoit-31-de-croissance-en-2018-20534", "datePublication": "2018-04-20T18:11:44.154Z", "nombreVue": 0, "resume": "Populo tritani laboramus ex mei, no eum iuvaret ceteros euripidis, ne alia sadipscing mei. Te inciderint cotidieque pro, ei iisque docendi qui, ne accommodare theophrastus reprehendunt vel. Et commodo menandri eam", "publisher": 1, "categorie": 8, "imagePrincipale": 38, "tag": [23, 24, 26]}}, {"model": "journal.news", "pk": 36, "fields": {"titre": "C\u00e9r\u00e9ales: la campagne agricole d\u00e9finitivement sauv\u00e9e", "smallTitre": "C\u00e9r\u00e9ales: la campagne agricole d\u00e9finitivement sauv\u00e9e", "contenu": "http://fr.le360.ma/economie/cereales-la-campagne-agricole-definitivement-sauvee-163695", "datePublication": "2018-04-20T18:12:37.113Z", "nombreVue": 0, "resume": "Populo tritani laboramus ex mei, no eum iuvaret ceteros euripidis, ne alia sadipscing mei. Te inciderint cotidieque pro, ei iisque docendi qui, ne accommodare theophrastus reprehendunt vel. Et commodo menandri eam", "publisher": 1, "categorie": 8, "imagePrincipale": 39, "tag": [20, 24]}}, {"model": "journal.news", "pk": 37, "fields": {"titre": "Casablanca pr\u00e9pare la restructuration de son administration fiscale", "smallTitre": "Casablanca pr\u00e9pare la restructuration de son administration fiscale", "contenu": "http://fr.le360.ma/economie/casablanca-prepare-la-restructuration-de-son-administration-fiscale-163688", "datePublication": "2018-04-20T18:14:00.767Z", "nombreVue": 0, "resume": "Populo tritani laboramus ex mei, no eum iuvaret ceteros euripidis, ne alia sadipscing mei. Te inciderint cotidieque pro, ei iisque docendi qui, ne accommodare theophrastus reprehendunt vel. Et commodo menandri eam", "publisher": 1, "categorie": 8, "imagePrincipale": 40, "tag": [21, 24]}}, {"model": "journal.news", "pk": 38, "fields": {"titre": "Alg\u00e9rie. Migration: le Mali rappelle son ambassadeur et son consul g\u00e9n\u00e9ral", "smallTitre": "Alg\u00e9rie. Migration: le Mali rappelle son ambassadeur et son consul g\u00e9n\u00e9ral", "contenu": "http://afrique.le360.ma/algerie-mali/politique/2018/04/19/20542-algerie-migration-le-mali-rappelle-son-ambassadeur-et-son-consul-general-20542", "datePublication": "2018-04-20T23:49:20.697Z", "nombreVue": 0, "resume": "Populo tritani laboramus ex mei, no eum iuvaret ceteros euripidis, ne alia sadipscing mei. Te inciderint cotidieque pro, ei iisque docendi qui, ne accommodare theophrastus reprehendunt vel. Et commodo menandri eam", "publisher": 1, "categorie": 5, "imagePrincipale": 41, "tag": [11, 26]}}, {"model": "journal.news", "pk": 39, "fields": {"titre": "Alg\u00e9rie: les autorit\u00e9s spectatrices des viols en s\u00e9rie de Subsahariennes \u00e0 Oran", "smallTitre": "Alg\u00e9rie: les autorit\u00e9s spectatrices des viols en s\u00e9rie de Subsahariennes \u00e0 Oran", "contenu": "http://afrique.le360.ma/algerie/politique/2018/04/20/20556-algerie-les-autorites-spectatrices-des-viols-en-serie-de-subsahariennes-oran-20556", "datePublication": "2018-04-20T23:50:35.346Z", "nombreVue": 0, "resume": "Populo tritani laboramus ex mei, no eum iuvaret ceteros euripidis, ne alia sadipscing mei. Te inciderint cotidieque pro, ei iisque docendi qui, ne accommodare theophrastus reprehendunt vel. Et commodo menandri eam", "publisher": 1, "categorie": 5, "imagePrincipale": 42, "tag": [11, 26]}}, {"model": "journal.news", "pk": 40, "fields": {"titre": "Allemagne. \u00c9vacuation massive \u00e0 Berlin pour d\u00e9samorcer une bombe britannique", "smallTitre": "\u00c9vacuation massive \u00e0 Berlin pour d\u00e9samorcer une bombe", "contenu": "http://fr.le360.ma/monde/video-allemagne-evacuation-massive-a-berlin-pour-desamorcer-une-bombe-britannique-163709", "datePublication": "2018-04-20T23:51:38.416Z", "nombreVue": 0, "resume": "Populo tritani laboramus ex mei, no eum iuvaret ceteros euripidis, ne alia sadipscing mei. Te inciderint cotidieque pro, ei iisque docendi qui, ne accommodare theophrastus reprehendunt vel. Et commodo menandri eam", "publisher": 1, "categorie": 5, "imagePrincipale": 43, "tag": [26]}}, {"model": "journal.news", "pk": 41, "fields": {"titre": "Palestine. Quand le cerf-volant devient une arme de contestation", "smallTitre": "Quand le cerf-volant devient une arme de contestation", "contenu": "http://fr.le360.ma/monde/palestine-quand-le-cerf-volant-devient-une-arme-de-contestation-163708", "datePublication": "2018-04-20T23:53:06.735Z", "nombreVue": 0, "resume": "Populo tritani laboramus ex mei, no eum iuvaret ceteros euripidis, ne alia sadipscing mei. Te inciderint cotidieque pro, ei iisque docendi qui, ne accommodare theophrastus reprehendunt vel. Et commodo menandri eam", "publisher": 1, "categorie": 5, "imagePrincipale": 44, "tag": [26, 27]}}, {"model": "journal.news", "pk": 42, "fields": {"titre": "Zimbabwe: Mugabe convoqu\u00e9 pour la disparition de 15 milliards de dollars de diamants", "smallTitre": "Zimbabwe: Mugabe convoqu\u00e9 pour la disparition de 15 milliards de dollars de diamants", "contenu": "http://afrique.le360.ma/autres-pays/politique/2018/04/20/20558-zimbabwe-mugabe-convoque-pour-la-disparition-de-15-milliards-de-dollars-de-diamants-20558", "datePublication": "2018-04-20T23:54:13.158Z", "nombreVue": 0, "resume": "Populo tritani laboramus ex mei, no eum iuvaret ceteros euripidis, ne alia sadipscing mei. Te inciderint cotidieque pro, ei iisque docendi qui, ne accommodare theophrastus reprehendunt vel. Et commodo menandri eam", "publisher": 1, "categorie": 5, "imagePrincipale": 45, "tag": [11, 26]}}, {"model": "journal.news", "pk": 43, "fields": {"titre": "Cameroun: le gouvernement veut redynamiser la lutte contre la corruption", "smallTitre": "Cameroun: le gouvernement veut redynamiser la lutte contre la corruption", "contenu": "http://afrique.le360.ma/autres-pays/societe/2018/04/20/20540-cameroun-le-gouvernement-veut-redynamiser-la-lutte-contre-la-corruption-20540", "datePublication": "2018-04-20T23:55:22.669Z", "nombreVue": 0, "resume": "Populo tritani laboramus ex mei, no eum iuvaret ceteros euripidis, ne alia sadipscing mei. Te inciderint cotidieque pro, ei iisque docendi qui, ne accommodare theophrastus reprehendunt vel. Et commodo menandri eam", "publisher": 1, "categorie": 5, "imagePrincipale": 46, "tag": [11, 26]}}, {"model": "journal.news", "pk": 44, "fields": {"titre": "Arabie Saoudite. Quatre policiers abattus par des hommes arm\u00e9s", "smallTitre": "Arabie Saoudite. Quatre policiers abattus par des hommes arm\u00e9s", "contenu": "http://fr.le360.ma/monde/arabie-saoudite-quatre-policiers-abattus-par-des-hommes-armes-163702", "datePublication": "2018-04-20T23:56:21.592Z", "nombreVue": 0, "resume": "Populo tritani laboramus ex mei, no eum iuvaret ceteros euripidis, ne alia sadipscing mei. Te inciderint cotidieque pro, ei iisque docendi qui, ne accommodare theophrastus reprehendunt vel. Et commodo menandri eam", "publisher": 1, "categorie": 5, "imagePrincipale": 47, "tag": [26]}}, {"model": "journal.news", "pk": 45, "fields": {"titre": "Prison \u00e0 vie pour la \"nounou tueuse\" qui a inspir\u00e9 \"Chanson douce\" \u00e0 Le\u00efla Slimani", "smallTitre": "Prison \u00e0 vie pour la \"nounou tueuse\" qui a inspir\u00e9 \"Chanson douce\" \u00e0 Le\u00efla Slimani", "contenu": "fr.le360.ma/monde/prison-a-vie-pour-la-nounou-tueuse-qui-a-inspire-chanson-douce-a-leila-slimani-163659", "datePublication": "2018-04-20T23:57:46.792Z", "nombreVue": 0, "resume": "Populo tritani laboramus ex mei, no eum iuvaret ceteros euripidis, ne alia sadipscing mei. Te inciderint cotidieque pro, ei iisque docendi qui, ne accommodare theophrastus reprehendunt vel. Et commodo menandri eam", "publisher": 1, "categorie": 5, "imagePrincipale": 48, "tag": [26]}}, {"model": "journal.news", "pk": 46, "fields": {"titre": "France. Un imam salafiste connu pour ses pr\u00eaches radicaux expuls\u00e9 vers l'Alg\u00e9rie", "smallTitre": "France. Un imam salafiste connu pour ses pr\u00eaches radicaux expuls\u00e9 vers l'Alg\u00e9rie", "contenu": "fr.le360.ma/monde/france-un-imam-salafiste-connu-pour-ses-preches-radicaux-expulse-vers-lalgerie-163700", "datePublication": "2018-04-20T23:58:39.705Z", "nombreVue": 0, "resume": "Populo tritani laboramus ex mei, no eum iuvaret ceteros euripidis, ne alia sadipscing mei. Te inciderint cotidieque pro, ei iisque docendi qui, ne accommodare theophrastus reprehendunt vel. Et commodo menandri eam", "publisher": 1, "categorie": 5, "imagePrincipale": 49, "tag": [26]}}, {"model": "journal.news", "pk": 47, "fields": {"titre": "North Korea 'halts missile and nuclear tests', says Kim Jong-un", "smallTitre": "North Korea 'halts missile and nuclear tests'", "contenu": "http://www.bbc.com/news/world-asia-43846488", "datePublication": "2018-04-21T03:22:20.670Z", "nombreVue": 0, "resume": "North Korean leader Kim Jong-un has said he will suspend all missile tests and shut down a nuclear test site with immediate effect.", "publisher": 1, "categorie": 1, "imagePrincipale": 50, "tag": [26]}}, {"model": "journal.news", "pk": 48, "fields": {"titre": "Why has Kim Jong-un halted North Korean tests now?", "smallTitre": "Why has Kim Jong-un halted North Korean tests now?", "contenu": "http://www.bbc.com/news/world-asia-43847845", "datePublication": "2018-04-21T03:23:55.756Z", "nombreVue": 0, "resume": "Kim Jong-un's announcement that North Korea is to halt nuclear and missile tests immediately comes as he prepares for two major diplomatic events. Analyst Ankit Panda asks what the North Korean leader hopes to gain with his latest move.", "publisher": 1, "categorie": 1, "imagePrincipale": 51, "tag": [26, 28]}}, {"model": "journal.news", "pk": 49, "fields": {"titre": "Avicii: The superstar DJ behind some of the decade's biggest hits", "smallTitre": "Avicii: The superstar DJ behind some of the decade's biggest hits", "contenu": "http://www.bbc.com/news/entertainment-arts-43845137", "datePublication": "2018-04-21T03:25:18.074Z", "nombreVue": 0, "resume": "The death of Swedish DJ Avicii, whose supreme knack for uplifting, melodic pop-house hits made him one of the world's biggest dance producers, has left fans and fellow musicians in deep shock.", "publisher": 1, "categorie": 1, "imagePrincipale": 52, "tag": [1, 29]}}, {"model": "journal.imagevideo", "pk": 54, "fields": {}}, {"model": "journal.newslatter", "pk": "anass.oujri@live.fr", "fields": {}}, {"model": "journal.newslatter", "pk": "anass.urh@outlook.fr", "fields": {}}, {"model": "contenttypes.contenttype", "pk": 1, "fields": {"app_label": "admin", "model": "logentry"}}, {"model": "contenttypes.contenttype", "pk": 2, "fields": {"app_label": "auth", "model": "permission"}}, {"model": "contenttypes.contenttype", "pk": 3, "fields": {"app_label": "auth", "model": "group"}}, {"model": "contenttypes.contenttype", "pk": 4, "fields": {"app_label": "auth", "model": "user"}}, {"model": "contenttypes.contenttype", "pk": 5, "fields": {"app_label": "contenttypes", "model": "contenttype"}}, {"model": "contenttypes.contenttype", "pk": 6, "fields": {"app_label": "sessions", "model": "session"}}, {"model": "contenttypes.contenttype", "pk": 7, "fields": {"app_label": "journal", "model": "categorie"}}, {"model": "contenttypes.contenttype", "pk": 8, "fields": {"app_label": "journal", "model": "news"}}, {"model": "contenttypes.contenttype", "pk": 9, "fields": {"app_label": "journal", "model": "publisher"}}, {"model": "contenttypes.contenttype", "pk": 10, "fields": {"app_label": "journal", "model": "image"}}, {"model": "contenttypes.contenttype", "pk": 11, "fields": {"app_label": "journal", "model": "tag"}}, {"model": "contenttypes.contenttype", "pk": 12, "fields": {"app_label": "journal", "model": "commentaire"}}, {"model": "contenttypes.contenttype", "pk": 13, "fields": {"app_label": "journal", "model": "newslatter"}}, {"model": "contenttypes.contenttype", "pk": 14, "fields": {"app_label": "journal", "model": "video"}}, {"model": "contenttypes.contenttype", "pk": 15, "fields": {"app_label": "journal", "model": "imagevideo"}}, {"model": "sessions.session", "pk": "nrpz24iovprbakdygb45iju6cdcc06qe", "fields": {"session_data": "MmQwODg1NDNkNjhhYjI5MjBlZjkzYTdkODNmYWJmMWZjYzMxMGZmODp7Il9hdXRoX3VzZXJfaWQiOiIxIiwiX2F1dGhfdXNlcl9iYWNrZW5kIjoiZGphbmdvLmNvbnRyaWIuYXV0aC5iYWNrZW5kcy5Nb2RlbEJhY2tlbmQiLCJfYXV0aF91c2VyX2hhc2giOiIwMTUxMGUzNTA4NTIzMzljZGU5ZTRiODkwNTEyOTRlOGZjZTNhODM5In0=", "expire_date": "2018-05-03T02:26:24.901Z"}}, {"model": "sessions.session", "pk": "utzq45jkvf42hfp2w4zj8lfs86r7s3ae", "fields": {"session_data": "MmQwODg1NDNkNjhhYjI5MjBlZjkzYTdkODNmYWJmMWZjYzMxMGZmODp7Il9hdXRoX3VzZXJfaWQiOiIxIiwiX2F1dGhfdXNlcl9iYWNrZW5kIjoiZGphbmdvLmNvbnRyaWIuYXV0aC5iYWNrZW5kcy5Nb2RlbEJhY2tlbmQiLCJfYXV0aF91c2VyX2hhc2giOiIwMTUxMGUzNTA4NTIzMzljZGU5ZTRiODkwNTEyOTRlOGZjZTNhODM5In0=", "expire_date": "2018-05-01T19:12:34.350Z"}}, {"model": "sessions.session", "pk": "wi18crf7x2gd5crof5ukcmhh83s1yupp", "fields": {"session_data": "MmQwODg1NDNkNjhhYjI5MjBlZjkzYTdkODNmYWJmMWZjYzMxMGZmODp7Il9hdXRoX3VzZXJfaWQiOiIxIiwiX2F1dGhfdXNlcl9iYWNrZW5kIjoiZGphbmdvLmNvbnRyaWIuYXV0aC5iYWNrZW5kcy5Nb2RlbEJhY2tlbmQiLCJfYXV0aF91c2VyX2hhc2giOiIwMTUxMGUzNTA4NTIzMzljZGU5ZTRiODkwNTEyOTRlOGZjZTNhODM5In0=", "expire_date": "2018-05-03T00:44:52.944Z"}}, {"model": "sessions.session", "pk": "z15i44pec4xqrje6bvixeaunj40lhzu7", "fields": {"session_data": "MmQwODg1NDNkNjhhYjI5MjBlZjkzYTdkODNmYWJmMWZjYzMxMGZmODp7Il9hdXRoX3VzZXJfaWQiOiIxIiwiX2F1dGhfdXNlcl9iYWNrZW5kIjoiZGphbmdvLmNvbnRyaWIuYXV0aC5iYWNrZW5kcy5Nb2RlbEJhY2tlbmQiLCJfYXV0aF91c2VyX2hhc2giOiIwMTUxMGUzNTA4NTIzMzljZGU5ZTRiODkwNTEyOTRlOGZjZTNhODM5In0=", "expire_date": "2018-05-06T00:32:12.879Z"}}, {"model": "auth.permission", "pk": 1, "fields": {"name": "Can add log entry", "content_type": 1, "codename": "add_logentry"}}, {"model": "auth.permission", "pk": 2, "fields": {"name": "Can change log entry", "content_type": 1, "codename": "change_logentry"}}, {"model": "auth.permission", "pk": 3, "fields": {"name": "Can delete log entry", "content_type": 1, "codename": "delete_logentry"}}, {"model": "auth.permission", "pk": 4, "fields": {"name": "Can add permission", "content_type": 2, "codename": "add_permission"}}, {"model": "auth.permission", "pk": 5, "fields": {"name": "Can change permission", "content_type": 2, "codename": "change_permission"}}, {"model": "auth.permission", "pk": 6, "fields": {"name": "Can delete permission", "content_type": 2, "codename": "delete_permission"}}, {"model": "auth.permission", "pk": 7, "fields": {"name": "Can add group", "content_type": 3, "codename": "add_group"}}, {"model": "auth.permission", "pk": 8, "fields": {"name": "Can change group", "content_type": 3, "codename": "change_group"}}, {"model": "auth.permission", "pk": 9, "fields": {"name": "Can delete group", "content_type": 3, "codename": "delete_group"}}, {"model": "auth.permission", "pk": 10, "fields": {"name": "Can add user", "content_type": 4, "codename": "add_user"}}, {"model": "auth.permission", "pk": 11, "fields": {"name": "Can change user", "content_type": 4, "codename": "change_user"}}, {"model": "auth.permission", "pk": 12, "fields": {"name": "Can delete user", "content_type": 4, "codename": "delete_user"}}, {"model": "auth.permission", "pk": 13, "fields": {"name": "Can add content type", "content_type": 5, "codename": "add_contenttype"}}, {"model": "auth.permission", "pk": 14, "fields": {"name": "Can change content type", "content_type": 5, "codename": "change_contenttype"}}, {"model": "auth.permission", "pk": 15, "fields": {"name": "Can delete content type", "content_type": 5, "codename": "delete_contenttype"}}, {"model": "auth.permission", "pk": 16, "fields": {"name": "Can add session", "content_type": 6, "codename": "add_session"}}, {"model": "auth.permission", "pk": 17, "fields": {"name": "Can change session", "content_type": 6, "codename": "change_session"}}, {"model": "auth.permission", "pk": 18, "fields": {"name": "Can delete session", "content_type": 6, "codename": "delete_session"}}, {"model": "auth.permission", "pk": 19, "fields": {"name": "Can add categorie", "content_type": 7, "codename": "add_categorie"}}, {"model": "auth.permission", "pk": 20, "fields": {"name": "Can change categorie", "content_type": 7, "codename": "change_categorie"}}, {"model": "auth.permission", "pk": 21, "fields": {"name": "Can delete categorie", "content_type": 7, "codename": "delete_categorie"}}, {"model": "auth.permission", "pk": 22, "fields": {"name": "Can add news", "content_type": 8, "codename": "add_news"}}, {"model": "auth.permission", "pk": 23, "fields": {"name": "Can change news", "content_type": 8, "codename": "change_news"}}, {"model": "auth.permission", "pk": 24, "fields": {"name": "Can delete news", "content_type": 8, "codename": "delete_news"}}, {"model": "auth.permission", "pk": 25, "fields": {"name": "Can add publisher", "content_type": 9, "codename": "add_publisher"}}, {"model": "auth.permission", "pk": 26, "fields": {"name": "Can change publisher", "content_type": 9, "codename": "change_publisher"}}, {"model": "auth.permission", "pk": 27, "fields": {"name": "Can delete publisher", "content_type": 9, "codename": "delete_publisher"}}, {"model": "auth.permission", "pk": 28, "fields": {"name": "Can add image", "content_type": 10, "codename": "add_image"}}, {"model": "auth.permission", "pk": 29, "fields": {"name": "Can change image", "content_type": 10, "codename": "change_image"}}, {"model": "auth.permission", "pk": 30, "fields": {"name": "Can delete image", "content_type": 10, "codename": "delete_image"}}, {"model": "auth.permission", "pk": 31, "fields": {"name": "Can add tag", "content_type": 11, "codename": "add_tag"}}, {"model": "auth.permission", "pk": 32, "fields": {"name": "Can change tag", "content_type": 11, "codename": "change_tag"}}, {"model": "auth.permission", "pk": 33, "fields": {"name": "Can delete tag", "content_type": 11, "codename": "delete_tag"}}, {"model": "auth.permission", "pk": 34, "fields": {"name": "Can add commentaire", "content_type": 12, "codename": "add_commentaire"}}, {"model": "auth.permission", "pk": 35, "fields": {"name": "Can change commentaire", "content_type": 12, "codename": "change_commentaire"}}, {"model": "auth.permission", "pk": 36, "fields": {"name": "Can delete commentaire", "content_type": 12, "codename": "delete_commentaire"}}, {"model": "auth.permission", "pk": 37, "fields": {"name": "Can add newslatter", "content_type": 13, "codename": "add_newslatter"}}, {"model": "auth.permission", "pk": 38, "fields": {"name": "Can change newslatter", "content_type": 13, "codename": "change_newslatter"}}, {"model": "auth.permission", "pk": 39, "fields": {"name": "Can delete newslatter", "content_type": 13, "codename": "delete_newslatter"}}, {"model": "auth.permission", "pk": 40, "fields": {"name": "Can add video", "content_type": 14, "codename": "add_video"}}, {"model": "auth.permission", "pk": 41, "fields": {"name": "Can change video", "content_type": 14, "codename": "change_video"}}, {"model": "auth.permission", "pk": 42, "fields": {"name": "Can delete video", "content_type": 14, "codename": "delete_video"}}, {"model": "auth.permission", "pk": 43, "fields": {"name": "Can add image video", "content_type": 15, "codename": "add_imagevideo"}}, {"model": "auth.permission", "pk": 44, "fields": {"name": "Can change image video", "content_type": 15, "codename": "change_imagevideo"}}, {"model": "auth.permission", "pk": 45, "fields": {"name": "Can delete image video", "content_type": 15, "codename": "delete_imagevideo"}}, {"model": "auth.user", "pk": 1, "fields": {"password": "pbkdf2_sha256$100000$NQmEGmpzBGWn$wtkwBCby/wGfROOgmJkhkQ3LYQBuGTP/gzAu+vZ2CJ0=", "last_login": "2018-04-22T00:32:12.763Z", "is_superuser": true, "username": "anass", "first_name": "", "last_name": "", "email": "anass.urh@outlook.fr", "is_staff": true, "is_active": true, "date_joined": "2018-04-16T14:57:34.913Z", "groups": [], "user_permissions": []}}, {"model": "admin.logentry", "pk": 1, "fields": {"action_time": "2018-04-17T19:15:22.327Z", "user": 1, "content_type": 7, "object_id": "1", "object_repr": "News", "action_flag": 1, "change_message": "[{\"added\": {}}]"}}, {"model": "admin.logentry", "pk": 2, "fields": {"action_time": "2018-04-17T19:15:58.837Z", "user": 1, "content_type": 7, "object_id": "2", "object_repr": "Sports", "action_flag": 1, "change_message": "[{\"added\": {}}]"}}, {"model": "admin.logentry", "pk": 3, "fields": {"action_time": "2018-04-17T19:16:37.552Z", "user": 1, "content_type": 7, "object_id": "3", "object_repr": "Politique", "action_flag": 1, "change_message": "[{\"added\": {}}]"}}, {"model": "admin.logentry", "pk": 4, "fields": {"action_time": "2018-04-17T19:17:08.789Z", "user": 1, "content_type": 7, "object_id": "4", "object_repr": "Style de vie", "action_flag": 1, "change_message": "[{\"added\": {}}]"}}, {"model": "admin.logentry", "pk": 5, "fields": {"action_time": "2018-04-17T19:17:49.012Z", "user": 1, "content_type": 7, "object_id": "5", "object_repr": "Mode", "action_flag": 1, "change_message": "[{\"added\": {}}]"}}, {"model": "admin.logentry", "pk": 6, "fields": {"action_time": "2018-04-17T19:18:21.289Z", "user": 1, "content_type": 7, "object_id": "6", "object_repr": "Musique", "action_flag": 1, "change_message": "[{\"added\": {}}]"}}, {"model": "admin.logentry", "pk": 7, "fields": {"action_time": "2018-04-19T00:47:38.925Z", "user": 1, "content_type": 7, "object_id": "7", "object_repr": "\u00c9lectronique", "action_flag": 1, "change_message": "[{\"added\": {}}]"}}, {"model": "admin.logentry", "pk": 8, "fields": {"action_time": "2018-04-19T00:48:00.835Z", "user": 1, "content_type": 8, "object_id": "1", "object_repr": "Amazon\u2019s Apple Watch killer will be free and sell you everything", "action_flag": 1, "change_message": "[{\"added\": {}}]"}}, {"model": "admin.logentry", "pk": 9, "fields": {"action_time": "2018-04-19T00:49:14.412Z", "user": 1, "content_type": 8, "object_id": "2", "object_repr": "Traveling Tends to Magnify All Human Emotions", "action_flag": 1, "change_message": "[{\"added\": {}}]"}}, {"model": "admin.logentry", "pk": 10, "fields": {"action_time": "2018-04-19T00:53:59.690Z", "user": 1, "content_type": 8, "object_id": "3", "object_repr": "Intel claims new SSD 750 drives are its fastest ever", "action_flag": 1, "change_message": "[{\"added\": {}}]"}}, {"model": "admin.logentry", "pk": 11, "fields": {"action_time": "2018-04-19T01:08:18.857Z", "user": 1, "content_type": 10, "object_id": "6", "object_repr": "uploads/images/main3.jpg", "action_flag": 3, "change_message": ""}}, {"model": "admin.logentry", "pk": 12, "fields": {"action_time": "2018-04-19T01:08:19.002Z", "user": 1, "content_type": 10, "object_id": "5", "object_repr": "uploads/images/main2.jpg", "action_flag": 3, "change_message": ""}}, {"model": "admin.logentry", "pk": 13, "fields": {"action_time": "2018-04-19T01:08:19.135Z", "user": 1, "content_type": 10, "object_id": "3", "object_repr": "uploads/images/westworld_0o3UAYb.jpg", "action_flag": 3, "change_message": ""}}, {"model": "admin.logentry", "pk": 14, "fields": {"action_time": "2018-04-19T01:08:19.289Z", "user": 1, "content_type": 10, "object_id": "2", "object_repr": "uploads/images/westworld.jpg", "action_flag": 3, "change_message": ""}}, {"model": "admin.logentry", "pk": 15, "fields": {"action_time": "2018-04-19T01:08:19.402Z", "user": 1, "content_type": 10, "object_id": "1", "object_repr": "uploads/images/westworld.jpg", "action_flag": 3, "change_message": ""}}, {"model": "admin.logentry", "pk": 16, "fields": {"action_time": "2018-04-19T01:12:14.684Z", "user": 1, "content_type": 8, "object_id": "1", "object_repr": "Amazon\u2019s Apple Watch killer will be free and sell you everything", "action_flag": 2, "change_message": "[{\"changed\": {\"fields\": [\"imagePrincipale\"]}}]"}}, {"model": "admin.logentry", "pk": 17, "fields": {"action_time": "2018-04-19T01:12:50.279Z", "user": 1, "content_type": 8, "object_id": "4", "object_repr": "Intel claims new SSD 750 drives are its fastest ever", "action_flag": 1, "change_message": "[{\"added\": {}}]"}}, {"model": "admin.logentry", "pk": 18, "fields": {"action_time": "2018-04-19T01:13:20.573Z", "user": 1, "content_type": 8, "object_id": "5", "object_repr": "Traveling Tends to Magnify All Human Emotions", "action_flag": 1, "change_message": "[{\"added\": {}}]"}}, {"model": "admin.logentry", "pk": 19, "fields": {"action_time": "2018-04-19T02:27:21.803Z", "user": 1, "content_type": 7, "object_id": "6", "object_repr": "Musique", "action_flag": 2, "change_message": "[{\"changed\": {\"fields\": [\"icon\"]}}]"}}, {"model": "admin.logentry", "pk": 20, "fields": {"action_time": "2018-04-19T02:27:53.607Z", "user": 1, "content_type": 7, "object_id": "7", "object_repr": "\u00c9lectronique", "action_flag": 2, "change_message": "[{\"changed\": {\"fields\": [\"icon\"]}}]"}}, {"model": "admin.logentry", "pk": 21, "fields": {"action_time": "2018-04-19T02:28:13.575Z", "user": 1, "content_type": 7, "object_id": "5", "object_repr": "Mode", "action_flag": 2, "change_message": "[{\"changed\": {\"fields\": [\"icon\"]}}]"}}, {"model": "admin.logentry", "pk": 22, "fields": {"action_time": "2018-04-19T02:28:38.889Z", "user": 1, "content_type": 7, "object_id": "4", "object_repr": "Style de vie", "action_flag": 2, "change_message": "[{\"changed\": {\"fields\": [\"icon\"]}}]"}}, {"model": "admin.logentry", "pk": 23, "fields": {"action_time": "2018-04-19T02:29:06.485Z", "user": 1, "content_type": 7, "object_id": "3", "object_repr": "Politique", "action_flag": 2, "change_message": "[{\"changed\": {\"fields\": [\"icon\"]}}]"}}, {"model": "admin.logentry", "pk": 24, "fields": {"action_time": "2018-04-19T02:30:06.952Z", "user": 1, "content_type": 7, "object_id": "2", "object_repr": "Sports", "action_flag": 2, "change_message": "[{\"changed\": {\"fields\": [\"icon\"]}}]"}}, {"model": "admin.logentry", "pk": 25, "fields": {"action_time": "2018-04-19T02:30:47.043Z", "user": 1, "content_type": 7, "object_id": "8", "object_repr": "Economique", "action_flag": 1, "change_message": "[{\"added\": {}}]"}}, {"model": "admin.logentry", "pk": 26, "fields": {"action_time": "2018-04-19T02:34:14.833Z", "user": 1, "content_type": 8, "object_id": "4", "object_repr": "Intel claims new SSD 750 drives are its fastest ever", "action_flag": 2, "change_message": "[{\"changed\": {\"fields\": [\"categorie\"]}}]"}}, {"model": "admin.logentry", "pk": 27, "fields": {"action_time": "2018-04-19T02:34:26.187Z", "user": 1, "content_type": 8, "object_id": "1", "object_repr": "Amazon\u2019s Apple Watch killer will be free and sell you everything", "action_flag": 2, "change_message": "[{\"changed\": {\"fields\": [\"categorie\"]}}]"}}, {"model": "admin.logentry", "pk": 28, "fields": {"action_time": "2018-04-19T02:35:10.872Z", "user": 1, "content_type": 7, "object_id": "1", "object_repr": "News", "action_flag": 2, "change_message": "[{\"changed\": {\"fields\": [\"icon\"]}}]"}}, {"model": "admin.logentry", "pk": 29, "fields": {"action_time": "2018-04-19T02:35:19.957Z", "user": 1, "content_type": 7, "object_id": "7", "object_repr": "\u00c9lectronique", "action_flag": 3, "change_message": ""}}, {"model": "admin.logentry", "pk": 30, "fields": {"action_time": "2018-04-19T02:35:20.097Z", "user": 1, "content_type": 7, "object_id": "6", "object_repr": "Musique", "action_flag": 3, "change_message": ""}}, {"model": "admin.logentry", "pk": 31, "fields": {"action_time": "2018-04-20T02:20:54.093Z", "user": 1, "content_type": 10, "object_id": "9", "object_repr": "uploads/images/lifestyle8.jpg", "action_flag": 1, "change_message": "[{\"added\": {}}]"}}, {"model": "admin.logentry", "pk": 32, "fields": {"action_time": "2018-04-20T02:21:33.961Z", "user": 1, "content_type": 11, "object_id": "1", "object_repr": "Style de vie", "action_flag": 1, "change_message": "[{\"added\": {}}]"}}, {"model": "admin.logentry", "pk": 33, "fields": {"action_time": "2018-04-20T02:22:57.644Z", "user": 1, "content_type": 11, "object_id": "2", "object_repr": "Entreprise", "action_flag": 1, "change_message": "[{\"added\": {}}]"}}, {"model": "admin.logentry", "pk": 34, "fields": {"action_time": "2018-04-20T02:23:24.124Z", "user": 1, "content_type": 11, "object_id": "3", "object_repr": "Sant\u00e9 et forme", "action_flag": 1, "change_message": "[{\"added\": {}}]"}}, {"model": "admin.logentry", "pk": 35, "fields": {"action_time": "2018-04-20T02:27:17.712Z", "user": 1, "content_type": 11, "object_id": "4", "object_repr": "Recettes", "action_flag": 1, "change_message": "[{\"added\": {}}]"}}, {"model": "admin.logentry", "pk": 36, "fields": {"action_time": "2018-04-20T02:27:24.157Z", "user": 1, "content_type": 11, "object_id": "5", "object_repr": "Voyage", "action_flag": 1, "change_message": "[{\"added\": {}}]"}}, {"model": "admin.logentry", "pk": 37, "fields": {"action_time": "2018-04-20T02:27:33.935Z", "user": 1, "content_type": 8, "object_id": "6", "object_repr": "Things you may have missed over the weekend", "action_flag": 1, "change_message": "[{\"added\": {}}]"}}, {"model": "admin.logentry", "pk": 38, "fields": {"action_time": "2018-04-20T02:32:08.476Z", "user": 1, "content_type": 10, "object_id": "10", "object_repr": "uploads/images/60.jpg", "action_flag": 1, "change_message": "[{\"added\": {}}]"}}, {"model": "admin.logentry", "pk": 39, "fields": {"action_time": "2018-04-20T02:32:20.783Z", "user": 1, "content_type": 8, "object_id": "7", "object_repr": "The dangers of eating too much restaurant food", "action_flag": 1, "change_message": "[{\"added\": {}}]"}}, {"model": "admin.logentry", "pk": 40, "fields": {"action_time": "2018-04-20T02:33:19.466Z", "user": 1, "content_type": 10, "object_id": "11", "object_repr": "uploads/images/61.jpg", "action_flag": 1, "change_message": "[{\"added\": {}}]"}}, {"model": "admin.logentry", "pk": 41, "fields": {"action_time": "2018-04-20T02:33:31.424Z", "user": 1, "content_type": 8, "object_id": "8", "object_repr": "10 Superfoods That Lower Cholesterol", "action_flag": 1, "change_message": "[{\"added\": {}}]"}}, {"model": "admin.logentry", "pk": 42, "fields": {"action_time": "2018-04-20T02:34:25.256Z", "user": 1, "content_type": 10, "object_id": "12", "object_repr": "uploads/images/62.jpg", "action_flag": 1, "change_message": "[{\"added\": {}}]"}}, {"model": "admin.logentry", "pk": 43, "fields": {"action_time": "2018-04-20T02:34:27.800Z", "user": 1, "content_type": 8, "object_id": "9", "object_repr": "The Secret To Living 200 Years? Just Ask A Whale", "action_flag": 1, "change_message": "[{\"added\": {}}]"}}, {"model": "admin.logentry", "pk": 44, "fields": {"action_time": "2018-04-20T02:36:27.799Z", "user": 1, "content_type": 10, "object_id": "13", "object_repr": "uploads/images/lifestyle4.jpg", "action_flag": 1, "change_message": "[{\"added\": {}}]"}}, {"model": "admin.logentry", "pk": 45, "fields": {"action_time": "2018-04-20T02:36:32.282Z", "user": 1, "content_type": 8, "object_id": "10", "object_repr": "Three reasons why you should visit the island", "action_flag": 1, "change_message": "[{\"added\": {}}]"}}, {"model": "admin.logentry", "pk": 46, "fields": {"action_time": "2018-04-20T02:42:42.792Z", "user": 1, "content_type": 11, "object_id": "6", "object_repr": "Sport", "action_flag": 1, "change_message": "[{\"added\": {}}]"}}, {"model": "admin.logentry", "pk": 47, "fields": {"action_time": "2018-04-20T02:43:13.957Z", "user": 1, "content_type": 10, "object_id": "14", "object_repr": "uploads/images/lifestyle7.jpg", "action_flag": 1, "change_message": "[{\"added\": {}}]"}}, {"model": "admin.logentry", "pk": 48, "fields": {"action_time": "2018-04-20T02:43:16.385Z", "user": 1, "content_type": 8, "object_id": "11", "object_repr": "A taste of what we like this week at Cook", "action_flag": 1, "change_message": "[{\"added\": {}}]"}}, {"model": "admin.logentry", "pk": 49, "fields": {"action_time": "2018-04-20T02:43:52.263Z", "user": 1, "content_type": 10, "object_id": "15", "object_repr": "uploads/images/lifestyle6.jpg", "action_flag": 1, "change_message": "[{\"added\": {}}]"}}, {"model": "admin.logentry", "pk": 50, "fields": {"action_time": "2018-04-20T02:44:12.392Z", "user": 1, "content_type": 8, "object_id": "12", "object_repr": "Caramelized onions and yogurt recipe apple", "action_flag": 1, "change_message": "[{\"added\": {}}]"}}, {"model": "admin.logentry", "pk": 51, "fields": {"action_time": "2018-04-20T02:44:52.674Z", "user": 1, "content_type": 10, "object_id": "16", "object_repr": "uploads/images/lifestyle5.jpg", "action_flag": 1, "change_message": "[{\"added\": {}}]"}}, {"model": "admin.logentry", "pk": 52, "fields": {"action_time": "2018-04-20T02:45:09.463Z", "user": 1, "content_type": 8, "object_id": "13", "object_repr": "Health star ratings Kellogg reveals the cereal", "action_flag": 1, "change_message": "[{\"added\": {}}]"}}, {"model": "admin.logentry", "pk": 53, "fields": {"action_time": "2018-04-20T02:48:37.330Z", "user": 1, "content_type": 11, "object_id": "1", "object_repr": "Style de vie", "action_flag": 2, "change_message": "[{\"changed\": {\"fields\": [\"color\"]}}]"}}, {"model": "admin.logentry", "pk": 54, "fields": {"action_time": "2018-04-20T02:49:07.048Z", "user": 1, "content_type": 11, "object_id": "2", "object_repr": "Entreprise", "action_flag": 2, "change_message": "[{\"changed\": {\"fields\": [\"color\"]}}]"}}, {"model": "admin.logentry", "pk": 55, "fields": {"action_time": "2018-04-20T02:49:26.933Z", "user": 1, "content_type": 11, "object_id": "3", "object_repr": "Sant\u00e9 et forme", "action_flag": 2, "change_message": "[{\"changed\": {\"fields\": [\"color\"]}}]"}}, {"model": "admin.logentry", "pk": 56, "fields": {"action_time": "2018-04-20T02:49:42.440Z", "user": 1, "content_type": 11, "object_id": "4", "object_repr": "Recettes", "action_flag": 2, "change_message": "[{\"changed\": {\"fields\": [\"color\"]}}]"}}, {"model": "admin.logentry", "pk": 57, "fields": {"action_time": "2018-04-20T02:50:00.631Z", "user": 1, "content_type": 11, "object_id": "5", "object_repr": "Voyage", "action_flag": 2, "change_message": "[{\"changed\": {\"fields\": [\"color\"]}}]"}}, {"model": "admin.logentry", "pk": 58, "fields": {"action_time": "2018-04-20T03:08:49.721Z", "user": 1, "content_type": 7, "object_id": "4", "object_repr": "Style de vie", "action_flag": 2, "change_message": "[{\"changed\": {\"fields\": [\"Tab id\"]}}]"}}, {"model": "admin.logentry", "pk": 59, "fields": {"action_time": "2018-04-20T03:52:59.442Z", "user": 1, "content_type": 7, "object_id": "8", "object_repr": "Economie", "action_flag": 2, "change_message": "[{\"changed\": {\"fields\": [\"name\"]}}]"}}, {"model": "admin.logentry", "pk": 60, "fields": {"action_time": "2018-04-20T04:01:57.697Z", "user": 1, "content_type": 9, "object_id": "1", "object_repr": "OUJRI Anass", "action_flag": 1, "change_message": "[{\"added\": {}}]"}}, {"model": "admin.logentry", "pk": 61, "fields": {"action_time": "2018-04-20T04:03:08.978Z", "user": 1, "content_type": 11, "object_id": "7", "object_repr": "Tennis", "action_flag": 1, "change_message": "[{\"added\": {}}]"}}, {"model": "admin.logentry", "pk": 62, "fields": {"action_time": "2018-04-20T04:03:37.461Z", "user": 1, "content_type": 10, "object_id": "17", "object_repr": "uploads/images/8549213a769d2900c2bc075f46a948a7699a3048.jpg", "action_flag": 1, "change_message": "[{\"added\": {}}]"}}, {"model": "admin.logentry", "pk": 63, "fields": {"action_time": "2018-04-20T04:03:48.535Z", "user": 1, "content_type": 8, "object_id": "14", "object_repr": "Tennis: Nadal et Thiem ont rendez-vous, Djokovic en progr\u00e8s", "action_flag": 1, "change_message": "[{\"added\": {}}]"}}, {"model": "admin.logentry", "pk": 64, "fields": {"action_time": "2018-04-20T04:05:04.699Z", "user": 1, "content_type": 10, "object_id": "18", "object_repr": "uploads/images/manchester_city.jpg", "action_flag": 1, "change_message": "[{\"added\": {}}]"}}, {"model": "admin.logentry", "pk": 65, "fields": {"action_time": "2018-04-20T04:05:46.002Z", "user": 1, "content_type": 11, "object_id": "8", "object_repr": "Football", "action_flag": 1, "change_message": "[{\"added\": {}}]"}}, {"model": "admin.logentry", "pk": 66, "fields": {"action_time": "2018-04-20T04:05:52.079Z", "user": 1, "content_type": 8, "object_id": "15", "object_repr": "Football : Manchester City sacr\u00e9 champion d'Angleterre apr\u00e8s une saison de r\u00eave", "action_flag": 1, "change_message": "[{\"added\": {}}]"}}, {"model": "admin.logentry", "pk": 67, "fields": {"action_time": "2018-04-20T04:06:33.643Z", "user": 1, "content_type": 10, "object_id": "19", "object_repr": "uploads/images/football-tirage-demi-finales-c1-ligue-champions-bayern-real-madrid-liverpool-roma.jpg", "action_flag": 1, "change_message": "[{\"added\": {}}]"}}, {"model": "admin.logentry", "pk": 68, "fields": {"action_time": "2018-04-20T04:07:11.257Z", "user": 1, "content_type": 11, "object_id": "9", "object_repr": "Ligue des champions", "action_flag": 1, "change_message": "[{\"added\": {}}]"}}, {"model": "admin.logentry", "pk": 69, "fields": {"action_time": "2018-04-20T04:07:17.419Z", "user": 1, "content_type": 8, "object_id": "16", "object_repr": "Ligue des champions : Bayern - Real et Liverpool - AS Roma au programme des demies", "action_flag": 1, "change_message": "[{\"added\": {}}]"}}, {"model": "admin.logentry", "pk": 70, "fields": {"action_time": "2018-04-20T04:08:33.212Z", "user": 1, "content_type": 10, "object_id": "20", "object_repr": "uploads/images/6adb6ebbb0d48a2be94f227f85c48cbff7481d15.jpg", "action_flag": 1, "change_message": "[{\"added\": {}}]"}}, {"model": "admin.logentry", "pk": 71, "fields": {"action_time": "2018-04-20T04:08:36.692Z", "user": 1, "content_type": 8, "object_id": "17", "object_repr": "Turquie: l'entra\u00eeneur de Besiktas bless\u00e9 pendant le derby contre Fenerbah\u00e7e", "action_flag": 1, "change_message": "[{\"added\": {}}]"}}, {"model": "admin.logentry", "pk": 72, "fields": {"action_time": "2018-04-20T04:09:16.131Z", "user": 1, "content_type": 10, "object_id": "21", "object_repr": "uploads/images/bc22cf0e6708c1c07f8f09545250eec7204b2b84.jpg", "action_flag": 1, "change_message": "[{\"added\": {}}]"}}, {"model": "admin.logentry", "pk": 73, "fields": {"action_time": "2018-04-20T04:09:29.891Z", "user": 1, "content_type": 11, "object_id": "10", "object_repr": "Rugby", "action_flag": 1, "change_message": "[{\"added\": {}}]"}}, {"model": "admin.logentry", "pk": 74, "fields": {"action_time": "2018-04-20T04:09:35.108Z", "user": 1, "content_type": 8, "object_id": "18", "object_repr": "Rugby: Joseph manquera la tourn\u00e9e anglaise en Afrique du Sud", "action_flag": 1, "change_message": "[{\"added\": {}}]"}}, {"model": "admin.logentry", "pk": 75, "fields": {"action_time": "2018-04-20T04:10:11.759Z", "user": 1, "content_type": 10, "object_id": "22", "object_repr": "uploads/images/943a1fc069992a743d8d9caa9b36decf90bc1178.jpg", "action_flag": 1, "change_message": "[{\"added\": {}}]"}}, {"model": "admin.logentry", "pk": 76, "fields": {"action_time": "2018-04-20T04:10:21.347Z", "user": 1, "content_type": 8, "object_id": "19", "object_repr": "Tennis: Djokovic \u00e0 Barcelone ou Budapest la semaine prochaine", "action_flag": 1, "change_message": "[{\"added\": {}}]"}}, {"model": "admin.logentry", "pk": 77, "fields": {"action_time": "2018-04-20T04:11:22.493Z", "user": 1, "content_type": 10, "object_id": "23", "object_repr": "uploads/images/psg_20.jpg", "action_flag": 1, "change_message": "[{\"added\": {}}]"}}, {"model": "admin.logentry", "pk": 78, "fields": {"action_time": "2018-04-20T04:11:30.832Z", "user": 1, "content_type": 8, "object_id": "20", "object_repr": "Ligue 1 : le PSG s'offre son 7e titre de champion de France en \u00e9crasant Monaco 7-1", "action_flag": 1, "change_message": "[{\"added\": {}}]"}}, {"model": "admin.logentry", "pk": 79, "fields": {"action_time": "2018-04-20T04:13:36.235Z", "user": 1, "content_type": 10, "object_id": "24", "object_repr": "uploads/images/000_1429wb.jpg", "action_flag": 1, "change_message": "[{\"added\": {}}]"}}, {"model": "admin.logentry", "pk": 80, "fields": {"action_time": "2018-04-20T04:14:01.875Z", "user": 1, "content_type": 11, "object_id": "11", "object_repr": "Afrique", "action_flag": 1, "change_message": "[{\"added\": {}}]"}}, {"model": "admin.logentry", "pk": 81, "fields": {"action_time": "2018-04-20T04:14:05.732Z", "user": 1, "content_type": 8, "object_id": "21", "object_repr": "Afrique du Sud : l'athl\u00e8te fran\u00e7ais David Bellet-Brissaud dispara\u00eet myst\u00e9rieusement \u00e0 Port Elizabeth", "action_flag": 1, "change_message": "[{\"added\": {}}]"}}, {"model": "admin.logentry", "pk": 82, "fields": {"action_time": "2018-04-20T04:18:28.707Z", "user": 1, "content_type": 7, "object_id": "2", "object_repr": "Sports", "action_flag": 2, "change_message": "[{\"changed\": {\"fields\": [\"tabHome\"]}}]"}}, {"model": "admin.logentry", "pk": 83, "fields": {"action_time": "2018-04-20T04:25:04.387Z", "user": 1, "content_type": 7, "object_id": "3", "object_repr": "ECO/TECH", "action_flag": 2, "change_message": "[{\"changed\": {\"fields\": [\"name\", \"description\", \"icon\", \"tabHome\"]}}]"}}, {"model": "admin.logentry", "pk": 84, "fields": {"action_time": "2018-04-20T04:28:54.286Z", "user": 1, "content_type": 10, "object_id": "25", "object_repr": "uploads/images/dims.jpg", "action_flag": 1, "change_message": "[{\"added\": {}}]"}}, {"model": "admin.logentry", "pk": 85, "fields": {"action_time": "2018-04-20T04:30:11.004Z", "user": 1, "content_type": 11, "object_id": "12", "object_repr": "Facebook", "action_flag": 1, "change_message": "[{\"added\": {}}]"}}, {"model": "admin.logentry", "pk": 86, "fields": {"action_time": "2018-04-20T04:30:37.003Z", "user": 1, "content_type": 11, "object_id": "13", "object_repr": "Russie", "action_flag": 1, "change_message": "[{\"added\": {}}]"}}, {"model": "admin.logentry", "pk": 87, "fields": {"action_time": "2018-04-20T04:30:40.426Z", "user": 1, "content_type": 8, "object_id": "22", "object_repr": "La Russie s'enlise dans le blocage de Telegram", "action_flag": 1, "change_message": "[{\"added\": {}}]"}}, {"model": "admin.logentry", "pk": 88, "fields": {"action_time": "2018-04-20T04:31:22.344Z", "user": 1, "content_type": 10, "object_id": "26", "object_repr": "uploads/images/facebook-nouveaux-parametres.jpeg", "action_flag": 1, "change_message": "[{\"added\": {}}]"}}, {"model": "admin.logentry", "pk": 89, "fields": {"action_time": "2018-04-20T04:31:30.888Z", "user": 1, "content_type": 8, "object_id": "23", "object_repr": "Facebook : nouveaux param\u00e8tres de confidentialit\u00e9 pour les utilisateurs d'Europe", "action_flag": 1, "change_message": "[{\"added\": {}}]"}}, {"model": "admin.logentry", "pk": 90, "fields": {"action_time": "2018-04-20T04:32:28.959Z", "user": 1, "content_type": 11, "object_id": "14", "object_repr": "\u00c9tats-Unis", "action_flag": 1, "change_message": "[{\"added\": {}}]"}}, {"model": "admin.logentry", "pk": 91, "fields": {"action_time": "2018-04-20T04:32:58.833Z", "user": 1, "content_type": 10, "object_id": "27", "object_repr": "uploads/images/cyberattack-170418.jpeg", "action_flag": 1, "change_message": "[{\"added\": {}}]"}}, {"model": "admin.logentry", "pk": 92, "fields": {"action_time": "2018-04-20T04:33:01.525Z", "user": 1, "content_type": 8, "object_id": "24", "object_repr": "Washington et Londres d\u00e9noncent une \"cyberactivit\u00e9 malveillante\" de la Russie", "action_flag": 1, "change_message": "[{\"added\": {}}]"}}, {"model": "admin.logentry", "pk": 93, "fields": {"action_time": "2018-04-20T04:33:56.293Z", "user": 1, "content_type": 11, "object_id": "15", "object_repr": "Technologie", "action_flag": 1, "change_message": "[{\"added\": {}}]"}}, {"model": "admin.logentry", "pk": 94, "fields": {"action_time": "2018-04-20T04:35:09.745Z", "user": 1, "content_type": 10, "object_id": "28", "object_repr": "uploads/images/strikes_france_sncf.jpg", "action_flag": 1, "change_message": "[{\"added\": {}}]"}}, {"model": "admin.logentry", "pk": 95, "fields": {"action_time": "2018-04-20T04:35:11.901Z", "user": 1, "content_type": 8, "object_id": "25", "object_repr": "Air France, SNCF, universit\u00e9s : les mouvements sociaux se poursuivent en France", "action_flag": 1, "change_message": "[{\"added\": {}}]"}}, {"model": "admin.logentry", "pk": 96, "fields": {"action_time": "2018-04-20T04:35:52.877Z", "user": 1, "content_type": 10, "object_id": "29", "object_repr": "uploads/images/main_kissoro_masseka.jpg", "action_flag": 1, "change_message": "[{\"added\": {}}]"}}, {"model": "admin.logentry", "pk": 97, "fields": {"action_time": "2018-04-20T04:36:22.523Z", "user": 1, "content_type": 11, "object_id": "16", "object_repr": "Jeux vid\u00e9o", "action_flag": 1, "change_message": "[{\"added\": {}}]"}}, {"model": "admin.logentry", "pk": 98, "fields": {"action_time": "2018-04-20T04:36:27.440Z", "user": 1, "content_type": 8, "object_id": "26", "object_repr": "Awal\u00e9, Empire songha\u00ef, Massa\u00ef... Masseka game studios veut faire entrer l'Afrique dans le jeu vid\u00e9o", "action_flag": 1, "change_message": "[{\"added\": {}}]"}}, {"model": "admin.logentry", "pk": 99, "fields": {"action_time": "2018-04-20T04:37:09.364Z", "user": 1, "content_type": 10, "object_id": "30", "object_repr": "uploads/images/rsz_000_m93le.jpg", "action_flag": 1, "change_message": "[{\"added\": {}}]"}}, {"model": "admin.logentry", "pk": 100, "fields": {"action_time": "2018-04-20T04:37:50.413Z", "user": 1, "content_type": 11, "object_id": "17", "object_repr": "R\u00e9seaux sociaux", "action_flag": 1, "change_message": "[{\"added\": {}}]"}}, {"model": "admin.logentry", "pk": 101, "fields": {"action_time": "2018-04-20T04:38:18.411Z", "user": 1, "content_type": 11, "object_id": "18", "object_repr": "Snapchat", "action_flag": 1, "change_message": "[{\"added\": {}}]"}}, {"model": "admin.logentry", "pk": 102, "fields": {"action_time": "2018-04-20T04:38:23.046Z", "user": 1, "content_type": 8, "object_id": "27", "object_repr": "Mauvaise passe pour Snapchat, l\u00e2ch\u00e9 par les stars", "action_flag": 1, "change_message": "[{\"added\": {}}]"}}, {"model": "admin.logentry", "pk": 103, "fields": {"action_time": "2018-04-20T04:39:20.043Z", "user": 1, "content_type": 8, "object_id": "28", "object_repr": "Facebook : Mark Zuckerberg s'excuse pour ses \"erreurs\" devant le S\u00e9nat am\u00e9ricain", "action_flag": 1, "change_message": "[{\"added\": {}}]"}}, {"model": "admin.logentry", "pk": 104, "fields": {"action_time": "2018-04-20T04:41:14.116Z", "user": 1, "content_type": 10, "object_id": "31", "object_repr": "uploads/images/090418-facebook-cambridge-m.jpg", "action_flag": 1, "change_message": "[{\"added\": {}}]"}}, {"model": "admin.logentry", "pk": 105, "fields": {"action_time": "2018-04-20T04:41:31.831Z", "user": 1, "content_type": 11, "object_id": "19", "object_repr": "Internet", "action_flag": 1, "change_message": "[{\"added\": {}}]"}}, {"model": "admin.logentry", "pk": 106, "fields": {"action_time": "2018-04-20T04:41:41.094Z", "user": 1, "content_type": 8, "object_id": "29", "object_repr": "Facebook     Internet     Cambridge Analytica  Economie Le scandale Facebook ne s\u2019arr\u00eate pas au cas de Cambridge Analytica", "action_flag": 1, "change_message": "[{\"added\": {}}]"}}, {"model": "admin.logentry", "pk": 107, "fields": {"action_time": "2018-04-20T04:43:25.007Z", "user": 1, "content_type": 7, "object_id": "3", "object_repr": "Technologie", "action_flag": 2, "change_message": "[{\"changed\": {\"fields\": [\"name\", \"description\", \"tabHome\"]}}]"}}, {"model": "admin.logentry", "pk": 108, "fields": {"action_time": "2018-04-20T17:29:38.066Z", "user": 1, "content_type": 8, "object_id": "29", "object_repr": "Facebook     Internet     Cambridge Analytica  Economie Le scandale Facebook ne s\u2019arr\u00eate pas au cas de Cambridge Analytica", "action_flag": 2, "change_message": "[{\"changed\": {\"fields\": [\"smallTitre\"]}}]"}}, {"model": "admin.logentry", "pk": 109, "fields": {"action_time": "2018-04-20T17:30:46.798Z", "user": 1, "content_type": 8, "object_id": "28", "object_repr": "Facebook : Mark Zuckerberg s'excuse pour ses \"erreurs\" devant le S\u00e9nat am\u00e9ricain", "action_flag": 2, "change_message": "[{\"changed\": {\"fields\": [\"smallTitre\"]}}]"}}, {"model": "admin.logentry", "pk": 110, "fields": {"action_time": "2018-04-20T17:31:16.326Z", "user": 1, "content_type": 8, "object_id": "26", "object_repr": "Awal\u00e9, Empire songha\u00ef, Massa\u00ef... Masseka game studios veut faire entrer l'Afrique dans le jeu vid\u00e9o", "action_flag": 2, "change_message": "[{\"changed\": {\"fields\": [\"smallTitre\"]}}]"}}, {"model": "admin.logentry", "pk": 111, "fields": {"action_time": "2018-04-20T17:32:28.778Z", "user": 1, "content_type": 8, "object_id": "25", "object_repr": "Air France, SNCF, universit\u00e9s : les mouvements sociaux se poursuivent en France", "action_flag": 2, "change_message": "[{\"changed\": {\"fields\": [\"smallTitre\"]}}]"}}, {"model": "admin.logentry", "pk": 112, "fields": {"action_time": "2018-04-20T17:33:11.227Z", "user": 1, "content_type": 8, "object_id": "21", "object_repr": "Afrique du Sud : l'athl\u00e8te fran\u00e7ais David Bellet-Brissaud dispara\u00eet myst\u00e9rieusement \u00e0 Port Elizabeth", "action_flag": 2, "change_message": "[{\"changed\": {\"fields\": [\"smallTitre\"]}}]"}}, {"model": "admin.logentry", "pk": 113, "fields": {"action_time": "2018-04-20T17:33:33.061Z", "user": 1, "content_type": 8, "object_id": "17", "object_repr": "Turquie: l'entra\u00eeneur de Besiktas bless\u00e9 pendant le derby contre Fenerbah\u00e7e", "action_flag": 2, "change_message": "[{\"changed\": {\"fields\": [\"smallTitre\"]}}]"}}, {"model": "admin.logentry", "pk": 114, "fields": {"action_time": "2018-04-20T17:33:55.100Z", "user": 1, "content_type": 8, "object_id": "20", "object_repr": "Ligue 1 : le PSG s'offre son 7e titre de champion de France en \u00e9crasant Monaco 7-1", "action_flag": 2, "change_message": "[{\"changed\": {\"fields\": [\"smallTitre\"]}}]"}}, {"model": "admin.logentry", "pk": 115, "fields": {"action_time": "2018-04-20T17:34:17.225Z", "user": 1, "content_type": 8, "object_id": "14", "object_repr": "Tennis: Nadal et Thiem ont rendez-vous, Djokovic en progr\u00e8s", "action_flag": 2, "change_message": "[{\"changed\": {\"fields\": [\"smallTitre\"]}}]"}}, {"model": "admin.logentry", "pk": 116, "fields": {"action_time": "2018-04-20T17:34:33.100Z", "user": 1, "content_type": 8, "object_id": "15", "object_repr": "Football : Manchester City sacr\u00e9 champion d'Angleterre apr\u00e8s une saison de r\u00eave", "action_flag": 2, "change_message": "[{\"changed\": {\"fields\": [\"smallTitre\"]}}]"}}, {"model": "admin.logentry", "pk": 117, "fields": {"action_time": "2018-04-20T17:34:57.393Z", "user": 1, "content_type": 8, "object_id": "16", "object_repr": "Ligue des champions : Bayern - Real et Liverpool - AS Roma au programme des demies", "action_flag": 2, "change_message": "[{\"changed\": {\"fields\": [\"smallTitre\"]}}]"}}, {"model": "admin.logentry", "pk": 118, "fields": {"action_time": "2018-04-20T17:42:35.215Z", "user": 1, "content_type": 8, "object_id": "27", "object_repr": "Mauvaise passe pour Snapchat, l\u00e2ch\u00e9 par les stars", "action_flag": 2, "change_message": "[{\"changed\": {\"fields\": [\"smallTitre\"]}}]"}}, {"model": "admin.logentry", "pk": 119, "fields": {"action_time": "2018-04-20T17:43:08.578Z", "user": 1, "content_type": 8, "object_id": "24", "object_repr": "Washington et Londres d\u00e9noncent une \"cyberactivit\u00e9 malveillante\" de la Russie", "action_flag": 2, "change_message": "[{\"changed\": {\"fields\": [\"smallTitre\"]}}]"}}, {"model": "admin.logentry", "pk": 120, "fields": {"action_time": "2018-04-20T17:43:27.760Z", "user": 1, "content_type": 8, "object_id": "23", "object_repr": "Facebook : nouveaux param\u00e8tres de confidentialit\u00e9 pour les utilisateurs d'Europe", "action_flag": 2, "change_message": "[{\"changed\": {\"fields\": [\"smallTitre\"]}}]"}}, {"model": "admin.logentry", "pk": 121, "fields": {"action_time": "2018-04-20T17:43:39.859Z", "user": 1, "content_type": 8, "object_id": "22", "object_repr": "La Russie s'enlise dans le blocage de Telegram", "action_flag": 2, "change_message": "[{\"changed\": {\"fields\": [\"smallTitre\"]}}]"}}, {"model": "admin.logentry", "pk": 122, "fields": {"action_time": "2018-04-20T17:44:14.092Z", "user": 1, "content_type": 8, "object_id": "19", "object_repr": "Tennis: Djokovic \u00e0 Barcelone ou Budapest la semaine prochaine", "action_flag": 2, "change_message": "[{\"changed\": {\"fields\": [\"smallTitre\"]}}]"}}, {"model": "admin.logentry", "pk": 123, "fields": {"action_time": "2018-04-20T17:44:30.248Z", "user": 1, "content_type": 8, "object_id": "18", "object_repr": "Rugby: Joseph manquera la tourn\u00e9e anglaise en Afrique du Sud", "action_flag": 2, "change_message": "[{\"changed\": {\"fields\": [\"smallTitre\"]}}]"}}, {"model": "admin.logentry", "pk": 124, "fields": {"action_time": "2018-04-20T17:45:05.870Z", "user": 1, "content_type": 8, "object_id": "13", "object_repr": "Health star ratings Kellogg reveals the cereal", "action_flag": 2, "change_message": "[{\"changed\": {\"fields\": [\"smallTitre\"]}}]"}}, {"model": "admin.logentry", "pk": 125, "fields": {"action_time": "2018-04-20T17:45:17.434Z", "user": 1, "content_type": 8, "object_id": "12", "object_repr": "Caramelized onions and yogurt recipe apple", "action_flag": 2, "change_message": "[{\"changed\": {\"fields\": [\"smallTitre\"]}}]"}}, {"model": "admin.logentry", "pk": 126, "fields": {"action_time": "2018-04-20T17:45:28.837Z", "user": 1, "content_type": 8, "object_id": "11", "object_repr": "A taste of what we like this week at Cook", "action_flag": 2, "change_message": "[{\"changed\": {\"fields\": [\"smallTitre\"]}}]"}}, {"model": "admin.logentry", "pk": 127, "fields": {"action_time": "2018-04-20T17:45:40.350Z", "user": 1, "content_type": 8, "object_id": "10", "object_repr": "Three reasons why you should visit the island", "action_flag": 2, "change_message": "[{\"changed\": {\"fields\": [\"smallTitre\"]}}]"}}, {"model": "admin.logentry", "pk": 128, "fields": {"action_time": "2018-04-20T17:46:02.091Z", "user": 1, "content_type": 8, "object_id": "9", "object_repr": "The Secret To Living 200 Years? Just Ask A Whale", "action_flag": 2, "change_message": "[{\"changed\": {\"fields\": [\"smallTitre\"]}}]"}}, {"model": "admin.logentry", "pk": 129, "fields": {"action_time": "2018-04-20T17:46:19.385Z", "user": 1, "content_type": 8, "object_id": "8", "object_repr": "10 Superfoods That Lower Cholesterol", "action_flag": 2, "change_message": "[{\"changed\": {\"fields\": [\"smallTitre\"]}}]"}}, {"model": "admin.logentry", "pk": 130, "fields": {"action_time": "2018-04-20T17:46:31.549Z", "user": 1, "content_type": 8, "object_id": "7", "object_repr": "The dangers of eating too much restaurant food", "action_flag": 2, "change_message": "[{\"changed\": {\"fields\": [\"smallTitre\"]}}]"}}, {"model": "admin.logentry", "pk": 131, "fields": {"action_time": "2018-04-20T17:46:44.514Z", "user": 1, "content_type": 8, "object_id": "6", "object_repr": "Things you may have missed over the weekend", "action_flag": 2, "change_message": "[{\"changed\": {\"fields\": [\"smallTitre\"]}}]"}}, {"model": "admin.logentry", "pk": 132, "fields": {"action_time": "2018-04-20T17:47:48.097Z", "user": 1, "content_type": 8, "object_id": "5", "object_repr": "Traveling Tends to Magnify All Human Emotions", "action_flag": 2, "change_message": "[{\"changed\": {\"fields\": [\"smallTitre\", \"tag\"]}}]"}}, {"model": "admin.logentry", "pk": 133, "fields": {"action_time": "2018-04-20T17:48:35.995Z", "user": 1, "content_type": 8, "object_id": "4", "object_repr": "Intel claims new SSD 750 drives are its fastest ever", "action_flag": 2, "change_message": "[{\"changed\": {\"fields\": [\"smallTitre\", \"tag\"]}}]"}}, {"model": "admin.logentry", "pk": 134, "fields": {"action_time": "2018-04-20T17:48:51.159Z", "user": 1, "content_type": 8, "object_id": "1", "object_repr": "Amazon\u2019s Apple Watch killer will be free and sell you everything", "action_flag": 2, "change_message": "[{\"changed\": {\"fields\": [\"tag\"]}}]"}}, {"model": "admin.logentry", "pk": 135, "fields": {"action_time": "2018-04-20T17:57:21.415Z", "user": 1, "content_type": 10, "object_id": "33", "object_repr": "uploads/images/siam_2018.jpg", "action_flag": 1, "change_message": "[{\"added\": {}}]"}}, {"model": "admin.logentry", "pk": 136, "fields": {"action_time": "2018-04-20T17:58:00.571Z", "user": 1, "content_type": 11, "object_id": "20", "object_repr": "agricultur", "action_flag": 1, "change_message": "[{\"added\": {}}]"}}, {"model": "admin.logentry", "pk": 137, "fields": {"action_time": "2018-04-20T17:58:13.457Z", "user": 1, "content_type": 11, "object_id": "21", "object_repr": "Maroc", "action_flag": 1, "change_message": "[{\"added\": {}}]"}}, {"model": "admin.logentry", "pk": 138, "fields": {"action_time": "2018-04-20T17:58:33.908Z", "user": 1, "content_type": 11, "object_id": "22", "object_repr": "France", "action_flag": 1, "change_message": "[{\"added\": {}}]"}}, {"model": "admin.logentry", "pk": 139, "fields": {"action_time": "2018-04-20T17:58:39.880Z", "user": 1, "content_type": 8, "object_id": "30", "object_repr": "IAM 2018: un pavillon pour exposer l\u2019expertise fran\u00e7aise", "action_flag": 1, "change_message": "[{\"added\": {}}]"}}, {"model": "admin.logentry", "pk": 140, "fields": {"action_time": "2018-04-20T17:59:25.835Z", "user": 1, "content_type": 10, "object_id": "34", "object_repr": "uploads/images/bmce.jpeg", "action_flag": 1, "change_message": "[{\"added\": {}}]"}}, {"model": "admin.logentry", "pk": 141, "fields": {"action_time": "2018-04-20T17:59:50.905Z", "user": 1, "content_type": 11, "object_id": "23", "object_repr": "Bank", "action_flag": 1, "change_message": "[{\"added\": {}}]"}}, {"model": "admin.logentry", "pk": 142, "fields": {"action_time": "2018-04-20T18:00:18.319Z", "user": 1, "content_type": 8, "object_id": "31", "object_repr": "Environnement. Economie circulaire: BMCE Bank of Africa lance \"CapValoris\"", "action_flag": 1, "change_message": "[{\"added\": {}}]"}}, {"model": "admin.logentry", "pk": 143, "fields": {"action_time": "2018-04-20T18:01:19.742Z", "user": 1, "content_type": 10, "object_id": "35", "object_repr": "uploads/images/photos-usine-tanger_1.jpg", "action_flag": 1, "change_message": "[{\"added\": {}}]"}}, {"model": "admin.logentry", "pk": 144, "fields": {"action_time": "2018-04-20T18:01:41.249Z", "user": 1, "content_type": 8, "object_id": "32", "object_repr": "La Banque mondiale pr\u00e9conise un nouveau mod\u00e8le de croissance pour le Maroc", "action_flag": 1, "change_message": "[{\"added\": {}}]"}}, {"model": "admin.logentry", "pk": 145, "fields": {"action_time": "2018-04-20T18:02:33.102Z", "user": 1, "content_type": 11, "object_id": "21", "object_repr": "Maroc", "action_flag": 2, "change_message": "[{\"changed\": {\"fields\": [\"color\"]}}]"}}, {"model": "admin.logentry", "pk": 146, "fields": {"action_time": "2018-04-20T18:02:44.699Z", "user": 1, "content_type": 11, "object_id": "20", "object_repr": "Agriculture", "action_flag": 2, "change_message": "[{\"changed\": {\"fields\": [\"name\"]}}]"}}, {"model": "admin.logentry", "pk": 147, "fields": {"action_time": "2018-04-20T18:02:57.651Z", "user": 1, "content_type": 11, "object_id": "23", "object_repr": "Banque", "action_flag": 2, "change_message": "[{\"changed\": {\"fields\": [\"name\"]}}]"}}, {"model": "admin.logentry", "pk": 148, "fields": {"action_time": "2018-04-20T18:04:10.601Z", "user": 1, "content_type": 11, "object_id": "24", "object_repr": "Economie", "action_flag": 1, "change_message": "[{\"added\": {}}]"}}, {"model": "admin.logentry", "pk": 149, "fields": {"action_time": "2018-04-20T18:04:38.692Z", "user": 1, "content_type": 8, "object_id": "30", "object_repr": "IAM 2018: un pavillon pour exposer l\u2019expertise fran\u00e7aise", "action_flag": 2, "change_message": "[{\"changed\": {\"fields\": [\"tag\"]}}]"}}, {"model": "admin.logentry", "pk": 150, "fields": {"action_time": "2018-04-20T18:05:42.162Z", "user": 1, "content_type": 8, "object_id": "31", "object_repr": "Environnement. Economie circulaire: BMCE Bank of Africa lance \"CapValoris\"", "action_flag": 2, "change_message": "[{\"changed\": {\"fields\": [\"tag\"]}}]"}}, {"model": "admin.logentry", "pk": 151, "fields": {"action_time": "2018-04-20T18:05:54.693Z", "user": 1, "content_type": 8, "object_id": "32", "object_repr": "La Banque mondiale pr\u00e9conise un nouveau mod\u00e8le de croissance pour le Maroc", "action_flag": 2, "change_message": "[{\"changed\": {\"fields\": [\"tag\"]}}]"}}, {"model": "admin.logentry", "pk": 152, "fields": {"action_time": "2018-04-20T18:06:47.807Z", "user": 1, "content_type": 10, "object_id": "36", "object_repr": "uploads/images/ue__0.jpg", "action_flag": 1, "change_message": "[{\"added\": {}}]"}}, {"model": "admin.logentry", "pk": 153, "fields": {"action_time": "2018-04-20T18:07:36.280Z", "user": 1, "content_type": 11, "object_id": "25", "object_repr": "Union europ\u00e9enne", "action_flag": 1, "change_message": "[{\"added\": {}}]"}}, {"model": "admin.logentry", "pk": 154, "fields": {"action_time": "2018-04-20T18:07:47.331Z", "user": 1, "content_type": 8, "object_id": "33", "object_repr": "Diapo. Rabat. Accord de p\u00eache Maroc-UE: les premi\u00e8res images du d\u00e9marrage des n\u00e9gociations", "action_flag": 1, "change_message": "[{\"added\": {}}]"}}, {"model": "admin.logentry", "pk": 155, "fields": {"action_time": "2018-04-20T18:08:41.651Z", "user": 1, "content_type": 10, "object_id": "37", "object_repr": "uploads/images/airbnb-1084x52900.jpg", "action_flag": 1, "change_message": "[{\"added\": {}}]"}}, {"model": "admin.logentry", "pk": 156, "fields": {"action_time": "2018-04-20T18:09:09.083Z", "user": 1, "content_type": 8, "object_id": "34", "object_repr": "Airbnb et Booking.com bient\u00f4t tax\u00e9s au Maroc: voici ce qui va changer pour les utilisateurs", "action_flag": 1, "change_message": "[{\"added\": {}}]"}}, {"model": "admin.logentry", "pk": 157, "fields": {"action_time": "2018-04-20T18:11:13.200Z", "user": 1, "content_type": 10, "object_id": "38", "object_repr": "uploads/images/banque_mondiale.jpg", "action_flag": 1, "change_message": "[{\"added\": {}}]"}}, {"model": "admin.logentry", "pk": 158, "fields": {"action_time": "2018-04-20T18:11:39.128Z", "user": 1, "content_type": 11, "object_id": "26", "object_repr": "Internationnal", "action_flag": 1, "change_message": "[{\"added\": {}}]"}}, {"model": "admin.logentry", "pk": 159, "fields": {"action_time": "2018-04-20T18:11:44.170Z", "user": 1, "content_type": 8, "object_id": "35", "object_repr": "Afrique subsaharienne: la banque mondiale prevoit 31 de croissance en 2018", "action_flag": 1, "change_message": "[{\"added\": {}}]"}}, {"model": "admin.logentry", "pk": 160, "fields": {"action_time": "2018-04-20T18:12:22.820Z", "user": 1, "content_type": 10, "object_id": "39", "object_repr": "uploads/images/moisson-champ-16-2016-gace-france_0_1398_931.jpg", "action_flag": 1, "change_message": "[{\"added\": {}}]"}}, {"model": "admin.logentry", "pk": 161, "fields": {"action_time": "2018-04-20T18:12:37.167Z", "user": 1, "content_type": 8, "object_id": "36", "object_repr": "C\u00e9r\u00e9ales: la campagne agricole d\u00e9finitivement sauv\u00e9e", "action_flag": 1, "change_message": "[{\"added\": {}}]"}}, {"model": "admin.logentry", "pk": 162, "fields": {"action_time": "2018-04-20T18:13:50.130Z", "user": 1, "content_type": 10, "object_id": "40", "object_repr": "uploads/images/casablanca_twin_center_morocco_ricardo_bofill_taller_arquitectura_03.jpg", "action_flag": 1, "change_message": "[{\"added\": {}}]"}}, {"model": "admin.logentry", "pk": 163, "fields": {"action_time": "2018-04-20T18:14:00.798Z", "user": 1, "content_type": 8, "object_id": "37", "object_repr": "Casablanca pr\u00e9pare la restructuration de son administration fiscale", "action_flag": 1, "change_message": "[{\"added\": {}}]"}}, {"model": "admin.logentry", "pk": 164, "fields": {"action_time": "2018-04-20T18:17:26.590Z", "user": 1, "content_type": 7, "object_id": "8", "object_repr": "Economie", "action_flag": 2, "change_message": "[{\"changed\": {\"fields\": [\"tabHome\"]}}]"}}, {"model": "admin.logentry", "pk": 165, "fields": {"action_time": "2018-04-20T23:48:57.692Z", "user": 1, "content_type": 10, "object_id": "41", "object_repr": "uploads/images/migrants-algerie_1.jpg.png", "action_flag": 1, "change_message": "[{\"added\": {}}]"}}, {"model": "admin.logentry", "pk": 166, "fields": {"action_time": "2018-04-20T23:49:20.720Z", "user": 1, "content_type": 8, "object_id": "38", "object_repr": "Alg\u00e9rie. Migration: le Mali rappelle son ambassadeur et son consul g\u00e9n\u00e9ral", "action_flag": 1, "change_message": "[{\"added\": {}}]"}}, {"model": "admin.logentry", "pk": 167, "fields": {"action_time": "2018-04-20T23:50:22.314Z", "user": 1, "content_type": 10, "object_id": "42", "object_repr": "uploads/images/subsahariens-agresses.jpg", "action_flag": 1, "change_message": "[{\"added\": {}}]"}}, {"model": "admin.logentry", "pk": 168, "fields": {"action_time": "2018-04-20T23:50:35.370Z", "user": 1, "content_type": 8, "object_id": "39", "object_repr": "Alg\u00e9rie: les autorit\u00e9s spectatrices des viols en s\u00e9rie de Subsahariennes \u00e0 Oran", "action_flag": 1, "change_message": "[{\"added\": {}}]"}}, {"model": "admin.logentry", "pk": 169, "fields": {"action_time": "2018-04-20T23:51:28.440Z", "user": 1, "content_type": 10, "object_id": "43", "object_repr": "uploads/images/vieille_bombe_allemagne.jpg", "action_flag": 1, "change_message": "[{\"added\": {}}]"}}, {"model": "admin.logentry", "pk": 170, "fields": {"action_time": "2018-04-20T23:51:38.433Z", "user": 1, "content_type": 8, "object_id": "40", "object_repr": "Allemagne. \u00c9vacuation massive \u00e0 Berlin pour d\u00e9samorcer une bombe britannique", "action_flag": 1, "change_message": "[{\"added\": {}}]"}}, {"model": "admin.logentry", "pk": 171, "fields": {"action_time": "2018-04-20T23:52:41.052Z", "user": 1, "content_type": 11, "object_id": "27", "object_repr": "Palestine", "action_flag": 1, "change_message": "[{\"added\": {}}]"}}, {"model": "admin.logentry", "pk": 172, "fields": {"action_time": "2018-04-20T23:53:02.039Z", "user": 1, "content_type": 10, "object_id": "44", "object_repr": "uploads/images/cerf_volant_palestine.jpg", "action_flag": 1, "change_message": "[{\"added\": {}}]"}}, {"model": "admin.logentry", "pk": 173, "fields": {"action_time": "2018-04-20T23:53:06.772Z", "user": 1, "content_type": 8, "object_id": "41", "object_repr": "Palestine. Quand le cerf-volant devient une arme de contestation", "action_flag": 1, "change_message": "[{\"added\": {}}]"}}, {"model": "admin.logentry", "pk": 174, "fields": {"action_time": "2018-04-20T23:54:02.612Z", "user": 1, "content_type": 10, "object_id": "45", "object_repr": "uploads/images/mugabe-grace.jpg", "action_flag": 1, "change_message": "[{\"added\": {}}]"}}, {"model": "admin.logentry", "pk": 175, "fields": {"action_time": "2018-04-20T23:54:13.210Z", "user": 1, "content_type": 8, "object_id": "42", "object_repr": "Zimbabwe: Mugabe convoqu\u00e9 pour la disparition de 15 milliards de dollars de diamants", "action_flag": 1, "change_message": "[{\"added\": {}}]"}}, {"model": "admin.logentry", "pk": 176, "fields": {"action_time": "2018-04-20T23:55:09.360Z", "user": 1, "content_type": 10, "object_id": "46", "object_repr": "uploads/images/corruption.jpg", "action_flag": 1, "change_message": "[{\"added\": {}}]"}}, {"model": "admin.logentry", "pk": 177, "fields": {"action_time": "2018-04-20T23:55:22.690Z", "user": 1, "content_type": 8, "object_id": "43", "object_repr": "Cameroun: le gouvernement veut redynamiser la lutte contre la corruption", "action_flag": 1, "change_message": "[{\"added\": {}}]"}}, {"model": "admin.logentry", "pk": 178, "fields": {"action_time": "2018-04-20T23:56:15.058Z", "user": 1, "content_type": 10, "object_id": "47", "object_repr": "uploads/images/policiers_arabie_2.jpg", "action_flag": 1, "change_message": "[{\"added\": {}}]"}}, {"model": "admin.logentry", "pk": 179, "fields": {"action_time": "2018-04-20T23:56:21.612Z", "user": 1, "content_type": 8, "object_id": "44", "object_repr": "Arabie Saoudite. Quatre policiers abattus par des hommes arm\u00e9s", "action_flag": 1, "change_message": "[{\"added\": {}}]"}}, {"model": "admin.logentry", "pk": 180, "fields": {"action_time": "2018-04-20T23:57:41.400Z", "user": 1, "content_type": 10, "object_id": "48", "object_repr": "uploads/images/noueuse.jpeg", "action_flag": 1, "change_message": "[{\"added\": {}}]"}}, {"model": "admin.logentry", "pk": 181, "fields": {"action_time": "2018-04-20T23:57:46.837Z", "user": 1, "content_type": 8, "object_id": "45", "object_repr": "Prison \u00e0 vie pour la \"nounou tueuse\" qui a inspir\u00e9 \"Chanson douce\" \u00e0 Le\u00efla Slimani", "action_flag": 1, "change_message": "[{\"added\": {}}]"}}, {"model": "admin.logentry", "pk": 182, "fields": {"action_time": "2018-04-20T23:58:31.623Z", "user": 1, "content_type": 10, "object_id": "49", "object_repr": "uploads/images/imam_salafiste_marseille.jpg", "action_flag": 1, "change_message": "[{\"added\": {}}]"}}, {"model": "admin.logentry", "pk": 183, "fields": {"action_time": "2018-04-20T23:58:39.737Z", "user": 1, "content_type": 8, "object_id": "46", "object_repr": "France. Un imam salafiste connu pour ses pr\u00eaches radicaux expuls\u00e9 vers l'Alg\u00e9rie", "action_flag": 1, "change_message": "[{\"added\": {}}]"}}, {"model": "admin.logentry", "pk": 184, "fields": {"action_time": "2018-04-21T00:04:07.833Z", "user": 1, "content_type": 7, "object_id": "5", "object_repr": "Internationnal", "action_flag": 2, "change_message": "[{\"changed\": {\"fields\": [\"name\", \"icon\", \"tabHome\"]}}]"}}, {"model": "admin.logentry", "pk": 185, "fields": {"action_time": "2018-04-21T01:34:36.897Z", "user": 1, "content_type": 8, "object_id": "1", "object_repr": "Amazon\u2019s Apple Watch killer will be free and sell you everything", "action_flag": 2, "change_message": "[{\"changed\": {\"fields\": [\"smallTitre\"]}}]"}}, {"model": "admin.logentry", "pk": 186, "fields": {"action_time": "2018-04-21T02:41:11.053Z", "user": 1, "content_type": 7, "object_id": "1", "object_repr": "News", "action_flag": 2, "change_message": "[{\"changed\": {\"fields\": [\"tabHome\"]}}]"}}, {"model": "admin.logentry", "pk": 187, "fields": {"action_time": "2018-04-21T03:22:09.816Z", "user": 1, "content_type": 10, "object_id": "50", "object_repr": "uploads/images/_100972004_gettyimages-842418008.jpg", "action_flag": 1, "change_message": "[{\"added\": {}}]"}}, {"model": "admin.logentry", "pk": 188, "fields": {"action_time": "2018-04-21T03:22:20.691Z", "user": 1, "content_type": 8, "object_id": "47", "object_repr": "North Korea 'halts missile and nuclear tests', says Kim Jong-un", "action_flag": 1, "change_message": "[{\"added\": {}}]"}}, {"model": "admin.logentry", "pk": 189, "fields": {"action_time": "2018-04-21T03:23:21.027Z", "user": 1, "content_type": 10, "object_id": "51", "object_repr": "uploads/images/_100341863_gettyimages-916050890.jpg", "action_flag": 1, "change_message": "[{\"added\": {}}]"}}, {"model": "admin.logentry", "pk": 190, "fields": {"action_time": "2018-04-21T03:23:51.220Z", "user": 1, "content_type": 11, "object_id": "28", "object_repr": "North Korea", "action_flag": 1, "change_message": "[{\"added\": {}}]"}}, {"model": "admin.logentry", "pk": 191, "fields": {"action_time": "2018-04-21T03:23:55.775Z", "user": 1, "content_type": 8, "object_id": "48", "object_repr": "Why has Kim Jong-un halted North Korean tests now?", "action_flag": 1, "change_message": "[{\"added\": {}}]"}}, {"model": "admin.logentry", "pk": 192, "fields": {"action_time": "2018-04-21T03:24:37.963Z", "user": 1, "content_type": 10, "object_id": "52", "object_repr": "uploads/images/30738729_1665409056839433_4150671732182614016_n.jpg", "action_flag": 1, "change_message": "[{\"added\": {}}]"}}, {"model": "admin.logentry", "pk": 193, "fields": {"action_time": "2018-04-21T03:25:14.571Z", "user": 1, "content_type": 11, "object_id": "29", "object_repr": "Musique", "action_flag": 1, "change_message": "[{\"added\": {}}]"}}, {"model": "admin.logentry", "pk": 194, "fields": {"action_time": "2018-04-21T03:25:18.088Z", "user": 1, "content_type": 8, "object_id": "49", "object_repr": "Avicii: The superstar DJ behind some of the decade's biggest hits", "action_flag": 1, "change_message": "[{\"added\": {}}]"}}, {"model": "admin.logentry", "pk": 195, "fields": {"action_time": "2018-04-21T04:12:30.950Z", "user": 1, "content_type": 8, "object_id": "1", "object_repr": "Amazon\u2019s Apple Watch killer will be free and sell you everything", "action_flag": 2, "change_message": "[{\"changed\": {\"fields\": [\"smallTitre\"]}}]"}}, {"model": "admin.logentry", "pk": 196, "fields": {"action_time": "2018-04-21T04:12:59.620Z", "user": 1, "content_type": 8, "object_id": "1", "object_repr": "Amazon\u2019s Apple Watch killer will be free and sell you everything", "action_flag": 2, "change_message": "[{\"changed\": {\"fields\": [\"smallTitre\"]}}]"}}, {"model": "admin.logentry", "pk": 197, "fields": {"action_time": "2018-04-22T00:32:26.079Z", "user": 1, "content_type": 13, "object_id": "azerty10casa@outlook.fr", "object_repr": "azerty10casa@outlook.fr", "action_flag": 3, "change_message": ""}}, {"model": "admin.logentry", "pk": 198, "fields": {"action_time": "2018-04-22T00:32:26.204Z", "user": 1, "content_type": 13, "object_id": "anassoujri@live.fr", "object_repr": "anassoujri@live.fr", "action_flag": 3, "change_message": ""}}, {"model": "admin.logentry", "pk": 199, "fields": {"action_time": "2018-04-22T00:32:26.307Z", "user": 1, "content_type": 13, "object_id": "anass.urh@outlook.frr", "object_repr": "anass.urh@outlook.frr", "action_flag": 3, "change_message": ""}}, {"model": "admin.logentry", "pk": 200, "fields": {"action_time": "2018-04-22T00:32:26.514Z", "user": 1, "content_type": 13, "object_id": "anass.urh@outlook.fr", "object_repr": "anass.urh@outlook.fr", "action_flag": 3, "change_message": ""}}, {"model": "admin.logentry", "pk": 201, "fields": {"action_time": "2018-04-22T03:04:23.640Z", "user": 1, "content_type": 10, "object_id": "53", "object_repr": "uploads/images/crop.php.jpg", "action_flag": 1, "change_message": "[{\"added\": {}}]"}}, {"model": "admin.logentry", "pk": 202, "fields": {"action_time": "2018-04-22T03:25:59.904Z", "user": 1, "content_type": 15, "object_id": "54", "object_repr": "uploads/images/crop.php_q2bkDrw.jpg", "action_flag": 1, "change_message": "[{\"added\": {}}]"}}]