[{"model": "journal.image", "pk": 4, "fields": {"description": "main1", "image": "uploads/images/main1.jpg", "datePublication": "2018-04-19T00:44:23.886Z"}}, {"model": "journal.image", "pk": 7, "fields": {"description": "main2", "image": "uploads/images/main2.jpg", "datePublication": "2018-04-19T01:11:10.499Z"}}, {"model": "journal.image", "pk": 8, "fields": {"description": "main3", "image": "uploads/images/main3.jpg", "datePublication": "2018-04-19T01:11:27.887Z"}}, {"model": "journal.image", "pk": 9, "fields": {"description": "LifeStyle", "image": "uploads/images/lifestyle8.jpg", "datePublication": "2018-04-20T02:20:54.089Z"}}, {"model": "journal.image", "pk": 10, "fields": {"description": "image", "image": "uploads/images/60.jpg", "datePublication": "2018-04-20T02:32:08.458Z"}}, {"model": "journal.image", "pk": 11, "fields": {"description": "image", "image": "uploads/images/61.jpg", "datePublication": "2018-04-20T02:33:19.442Z"}}, {"model": "journal.image", "pk": 12, "fields": {"description": "image", "image": "uploads/images/62.jpg", "datePublication": "2018-04-20T02:34:25.233Z"}}, {"model": "journal.image", "pk": 13, "fields": {"description": "image", "image": "uploads/images/lifestyle4.jpg", "datePublication": "2018-04-20T02:36:27.783Z"}}, {"model": "journal.image", "pk": 14, "fields": {"description": "image", "image": "uploads/images/lifestyle7.jpg", "datePublication": "2018-04-20T02:43:13.939Z"}}, {"model": "journal.image", "pk": 15, "fields": {"description": "image", "image": "uploads/images/lifestyle6.jpg", "datePublication": "2018-04-20T02:43:52.229Z"}}, {"model": "journal.image", "pk": 16, "fields": {"description": "image", "image": "uploads/images/lifestyle5.jpg", "datePublication": "2018-04-20T02:44:52.648Z"}}, {"model": "journal.image", "pk": 17, "fields": {"description": "image", "image": "uploads/images/8549213a769d2900c2bc075f46a948a7699a3048.jpg", "datePublication": "2018-04-20T04:03:37.458Z"}}, {"model": "journal.image", "pk": 18, "fields": {"description": "image", "image": "uploads/images/manchester_city.jpg", "datePublication": "2018-04-20T04:05:04.646Z"}}, {"model": "journal.image", "pk": 19, "fields": {"description": "football", "image": "uploads/images/football-tirage-demi-finales-c1-ligue-champions-bayern-real-madrid-liverpool-roma.jpg", "datePublication": "2018-04-20T04:06:33.616Z"}}, {"model": "journal.image", "pk": 20, "fields": {"description": "image", "image": "uploads/images/6adb6ebbb0d48a2be94f227f85c48cbff7481d15.jpg", "datePublication": "2018-04-20T04:08:33.169Z"}}, {"model": "journal.image", "pk": 21, "fields": {"description": "image", "image": "uploads/images/bc22cf0e6708c1c07f8f09545250eec7204b2b84.jpg", "datePublication": "2018-04-20T04:09:16.116Z"}}, {"model": "journal.image", "pk": 22, "fields": {"description": "image", "image": "uploads/images/943a1fc069992a743d8d9caa9b36decf90bc1178.jpg", "datePublication": "2018-04-20T04:10:11.738Z"}}, {"model": "journal.image", "pk": 23, "fields": {"description": "image", "image": "uploads/images/psg_20.jpg", "datePublication": "2018-04-20T04:11:22.440Z"}}, {"model": "journal.image", "pk": 24, "fields": {"description": "image", "image": "uploads/images/000_1429wb.jpg", "datePublication": "2018-04-20T04:13:36.230Z"}}, {"model": "journal.image", "pk": 25, "fields": {"description": "image", "image": "uploads/images/dims.jpg", "datePublication": "2018-04-20T04:28:54.235Z"}}, {"model": "journal.image", "pk": 26, "fields": {"description": "facebook", "image": "uploads/images/facebook-nouveaux-parametres.jpeg", "datePublication": "2018-04-20T04:31:22.315Z"}}, {"model": "journal.image", "pk": 27, "fields": {"description": "us", "image": "uploads/images/cyberattack-170418.jpeg", "datePublication": "2018-04-20T04:32:58.794Z"}}, {"model": "journal.image", "pk": 28, "fields": {"description": "image", "image": "uploads/images/strikes_france_sncf.jpg", "datePublication": "2018-04-20T04:35:09.733Z"}}, {"model": "journal.image", "pk": 29, "fields": {"description": "image", "image": "uploads/images/main_kissoro_masseka.jpg", "datePublication": "2018-04-20T04:35:52.849Z"}}, {"model": "journal.image", "pk": 30, "fields": {"description": "image", "image": "uploads/images/rsz_000_m93le.jpg", "datePublication": "2018-04-20T04:37:09.341Z"}}, {"model": "journal.image", "pk": 31, "fields": {"description": "facebook", "image": "uploads/images/090418-facebook-cambridge-m.jpg", "datePublication": "2018-04-20T04:41:14.066Z"}}, {"model": "journal.image", "pk": 32, "fields": {"description": "hsj", "image": "uploads/images/pierre-broissand-amomentofstillness2-hd.jpg", "datePublication": "2018-04-20T14:28:03.273Z"}}, {"model": "journal.image", "pk": 33, "fields": {"description": "", "image": "uploads/images/siam_2018.jpg", "datePublication": "2018-04-20T17:57:21.410Z"}}, {"model": "journal.image", "pk": 34, "fields": {"description": "bmce", "image": "uploads/images/bmce.jpeg", "datePublication": "2018-04-20T17:59:25.821Z"}}, {"model": "journal.image", "pk": 35, "fields": {"description": "voitures", "image": "uploads/images/photos-usine-tanger_1.jpg", "datePublication": "2018-04-20T18:01:19.711Z"}}, {"model": "journal.image", "pk": 36, "fields": {"description": "", "image": "uploads/images/ue__0.jpg", "datePublication": "2018-04-20T18:06:47.802Z"}}, {"model": "journal.image", "pk": 37, "fields": {"description": "", "image": "uploads/images/airbnb-1084x52900.jpg", "datePublication": "2018-04-20T18:08:41.646Z"}}, {"model": "journal.image", "pk": 38, "fields": {"description": "World bank", "image": "uploads/images/banque_mondiale.jpg", "datePublication": "2018-04-20T18:11:13.169Z"}}, {"model": "journal.image", "pk": 39, "fields": {"description": "", "image": "uploads/images/moisson-champ-16-2016-gace-france_0_1398_931.jpg", "datePublication": "2018-04-20T18:12:22.820Z"}}, {"model": "journal.image", "pk": 40, "fields": {"description": "Casa twin", "image": "uploads/images/casablanca_twin_center_morocco_ricardo_bofill_taller_arquitectura_03.jpg", "datePublication": "2018-04-20T18:13:50.092Z"}}, {"model": "journal.image", "pk": 41, "fields": {"description": "", "image": "uploads/images/migrants-algerie_1.jpg.png", "datePublication": "2018-04-20T23:48:57.649Z"}}, {"model": "journal.image", "pk": 42, "fields": {"description": "", "image": "uploads/images/subsahariens-agresses.jpg", "datePublication": "2018-04-20T23:50:22.309Z"}}, {"model": "journal.image", "pk": 43, "fields": {"description": "", "image": "uploads/images/vieille_bombe_allemagne.jpg", "datePublication": "2018-04-20T23:51:28.435Z"}}, {"model": "journal.image", "pk": 44, "fields": {"description": "", "image": "uploads/images/cerf_volant_palestine.jpg", "datePublication": "2018-04-20T23:53:02.035Z"}}, {"model": "journal.image", "pk": 45, "fields": {"description": "", "image": "uploads/images/mugabe-grace.jpg", "datePublication": "2018-04-20T23:54:02.580Z"}}, {"model": "journal.image", "pk": 46, "fields": {"description": "", "image": "uploads/images/corruption.jpg", "datePublication": "2018-04-20T23:55:09.344Z"}}, {"model": "journal.image", "pk": 47, "fields": {"description": "", "image": "uploads/images/policiers_arabie_2.jpg", "datePublication": "2018-04-20T23:56:15.054Z"}}, {"model": "journal.image", "pk": 48, "fields": {"description": "", "image": "uploads/images/noueuse.jpeg", "datePublication": "2018-04-20T23:57:41.394Z"}}, {"model": "journal.image", "pk": 49, "fields": {"description": "", "image": "uploads/images/imam_salafiste_marseille.jpg", "datePublication": "2018-04-20T23:58:31.618Z"}}, {"model": "journal.image", "pk": 50, "fields": {"description": "", "image": "uploads/images/_100972004_gettyimages-842418008.jpg", "datePublication": "2018-04-21T03:22:09.811Z"}}, {"model": "journal.image", "pk": 51, "fields": {"description": "", "image": "uploads/images/_100341863_gettyimages-916050890.jpg", "datePublication": "2018-04-21T03:23:21.021Z"}}, {"model": "journal.image", "pk": 52, "fields": {"description": "", "image": "uploads/images/30738729_1665409056839433_4150671732182614016_n.jpg", "datePublication": "2018-04-21T03:24:37.951Z"}}, {"model": "journal.image", "pk": 53, "fields": {"description": "Avicii", "image": "uploads/images/crop.php.jpg", "datePublication": "2018-04-22T03:04:23.594Z"}}, {"model": "journal.image", "pk": 54, "fields": {"description": "", "image": "uploads/images/crop.php_q2bkDrw.jpg", "datePublication": "2018-04-22T03:25:59.856Z"}}, {"model": "journal.image", "pk": 55, "fields": {"description": "", "image": "uploads/images/ob_4b94cb_32862592853-4575c58f25-o.jpg", "datePublication": "2018-04-22T14:36:26.973Z"}}, {"model": "journal.image", "pk": 56, "fields": {"description": "", "image": "uploads/images/maxresdefault.jpg", "datePublication": "2018-04-22T14:41:28.923Z"}}, {"model": "journal.image", "pk": 57, "fields": {"description": "", "image": "uploads/images/nintchdbpict000289110538.jpg", "datePublication": "2018-04-22T15:25:34.972Z"}}, {"model": "journal.image", "pk": 58, "fields": {"description": "", "image": "uploads/images/verne-troyer-austin-powers-actor-dead-at-49.jpg", "datePublication": "2018-04-22T15:32:47.537Z"}}, {"model": "journal.image", "pk": 59, "fields": {"description": "default profil image", "image": "journal/uploads/images/profileicon.jpg", "datePublication": "2018-04-29T17:59:11.370Z"}}, {"model": "journal.image", "pk": 60, "fields": {"description": "default profil image", "image": "images/profileImage.jpg", "datePublication": "2018-04-29T18:05:21.663Z"}}, {"model": "journal.image", "pk": 61, "fields": {"description": "profil image", "image": "images/12208752_1006178659425509_855604824024584534_n.jpg", "datePublication": "2018-04-29T23:11:59.024Z"}}, {"model": "journal.image", "pk": 62, "fields": {"description": "Street workout", "image": "images/maxresdefault-11.jpg", "datePublication": "2018-05-01T14:45:05.836Z"}}, {"model": "journal.image", "pk": 63, "fields": {"description": "", "image": "images/maxresdefault-18.jpg", "datePublication": "2018-05-01T15:14:00.279Z"}}, {"model": "journal.image", "pk": 64, "fields": {"description": "", "image": "images/maxresdefault-14.jpg", "datePublication": "2018-05-01T15:23:34.951Z"}}, {"model": "journal.image", "pk": 67, "fields": {"description": "", "image": "images/2018/05/01/maxresdefault_aeb8736e07.jpg", "datePublication": "2018-05-01T15:50:57.148Z"}}, {"model": "journal.image", "pk": 68, "fields": {"description": "", "image": "images/2018/05/01/Moroccan-Markets-101042-800x533_2761c898ab.jpg", "datePublication": "2018-05-01T16:01:34.240Z"}}, {"model": "journal.image", "pk": 69, "fields": {"description": "McDonalds", "image": "images/2018/05/01/McDonalds_276bac5ea2.JPG", "datePublication": "2018-05-01T16:04:15.052Z"}}, {"model": "journal.publisher", "pk": 1, "fields": {"nom": "OUJRI", "prenom": "Anass", "email": "anass.urh@outlook.fr", "tel": "0625847379", "description": "Lorem ipsum dolor sit amet consectetur adipiscing elit. Vestibulum ac vehicula leo. Donec urna lacus gravida ac vulputate sagittis tristique vitae lectus. Nullam rhoncus tortor at dignissim vehicula. elit. Vestibulum ac vehicula leo. Donec urna lacus gravida ac vulputate sagittis tristique vitae lectus. Nullam rhoncus tortor at dignissim vehicula.", "dateCreation": "2018-04-29T21:19:31.703Z", "link": "https://www.oujri.com", "facebook": "https://www.facebook.com/anass.oujri", "twitter": "https://twitter.com/anass_oujri", "youtube": "https://www.youtube.com/channel/UCAXuJYP-uZ-E0WiZbXF-CDg", "instagram": "https://www.instagram.com/anassoujri/", "google": "https://plus.google.com/u/0/100540540693430950094", "linkedin": "https://www.linkedin.com/in/anass-oujri/", "photoDeProfil": 61}}, {"model": "journal.publisher", "pk": 2, "fields": {"nom": "Armin", "prenom": "Vans", "email": "armin@gmail.com", "tel": "002126524562515", "description": "", "dateCreation": "2018-04-29T21:19:31.703Z", "link": "https://demo.tagdiv.com/newspaper/author/admin/", "facebook": "", "twitter": "", "youtube": "", "instagram": "", "google": "", "linkedin": "", "photoDeProfil": 60}}, {"model": "journal.publisher", "pk": 3, "fields": {"nom": "Manolo", "prenom": "Golo", "email": "manolo@gmail.com", "tel": "00212", "description": "", "dateCreation": "2018-04-29T23:04:24.721Z", "link": "https://www.manolo-golo.com", "facebook": "", "twitter": "", "youtube": "", "instagram": "", "google": "", "linkedin": "", "photoDeProfil": 60}}, {"model": "journal.publisher", "pk": 4, "fields": {"nom": "toto", "prenom": "zolo", "email": "test@test.fr", "tel": "00212", "description": "", "dateCreation": "2018-04-29T23:05:00.177Z", "link": "https://www.toto-golo.com", "facebook": "", "twitter": "", "youtube": "", "instagram": "", "google": "", "linkedin": "", "photoDeProfil": 60}}, {"model": "journal.publisher", "pk": 5, "fields": {"nom": "Karim", "prenom": "kerimo", "email": "karim@gmail.com", "tel": "00212", "description": "", "dateCreation": "2018-04-29T23:05:53.850Z", "link": "https://www.karim-website.com/accueil", "facebook": "", "twitter": "", "youtube": "", "instagram": "", "google": "", "linkedin": "", "photoDeProfil": 60}}, {"model": "journal.categorie", "pk": 1, "fields": {"name": "actualites", "description": "Category descriptions are an increasingly important part of SEO strategy and are becoming a larger part of our product mix. Writing this type of content requires a slightly different mindset than traditional blogs or other SEO content. Before starting your next project, remember these four things to create more compelling category descriptions.", "color": "#EF233C", "icon": "fa-file-text", "tabHome": "tab"}}, {"model": "journal.categorie", "pk": 2, "fields": {"name": "sports", "description": "Category descriptions are an increasingly important part of SEO strategy and are becoming a larger part of our product mix. Writing this type of content requires a slightly different mindset than traditional blogs or other SEO content. Before starting your next project, remember these four things to create more compelling category descriptions.", "color": "#4db2ec", "icon": "fa-futbol-o", "tabHome": "tabSp"}}, {"model": "journal.categorie", "pk": 3, "fields": {"name": "technologie", "description": "Category descriptions are an increasingly important part of SEO strategy and are becoming a larger part of our product mix. Writing this type of content requires a slightly different mindset than traditional blogs or other SEO content. Before starting your next project, remember these four things to create more compelling category descriptions.", "color": "#f9c100", "icon": "fa-laptop", "tabHome": "tabTec"}}, {"model": "journal.categorie", "pk": 4, "fields": {"name": "styleDeVie", "description": "Category descriptions are an increasingly important part of SEO strategy and are becoming a larger part of our product mix. Writing this type of content requires a slightly different mindset than traditional blogs or other SEO content. Before starting your next project, remember these four things to create more compelling category descriptions.", "color": "#4caf50", "icon": "fa-heartbeat", "tabHome": "tabSV"}}, {"model": "journal.categorie", "pk": 5, "fields": {"name": "internationnal", "description": "Category descriptions are an increasingly important part of SEO strategy and are becoming a larger part of our product mix. Writing this type of content requires a slightly different mindset than traditional blogs or other SEO content. Before starting your next project, remember these four things to create more compelling category descriptions.", "color": "#222", "icon": "fa-ravelry", "tabHome": "tabInter"}}, {"model": "journal.categorie", "pk": 8, "fields": {"name": "economie", "description": "Category descriptions are an increasingly important part of SEO strategy and are becoming a larger part of our product mix. Writing this type of content requires a slightly different mindset than traditional blogs or other SEO content. Before starting your next project, remember these four things to create more compelling category descriptions.", "color": "#000", "icon": "fa-briefcase", "tabHome": "tabEco"}}, {"model": "journal.tag", "pk": 1, "fields": {"name": "StyleDeVie", "description": "", "color": "#a444bd"}}, {"model": "journal.tag", "pk": 2, "fields": {"name": "Entreprise", "description": "", "color": "#3baaf7"}}, {"model": "journal.tag", "pk": 3, "fields": {"name": "SanteEtForme", "description": "", "color": "#3fbcd5"}}, {"model": "journal.tag", "pk": 4, "fields": {"name": "Recettes", "description": "", "color": "#2f9688"}}, {"model": "journal.tag", "pk": 5, "fields": {"name": "Voyage", "description": "", "color": "#5aaf4a"}}, {"model": "journal.tag", "pk": 6, "fields": {"name": "Sport", "description": "", "color": "#53a5f8"}}, {"model": "journal.tag", "pk": 7, "fields": {"name": "Tennis", "description": "", "color": "#558B2F"}}, {"model": "journal.tag", "pk": 8, "fields": {"name": "Football", "description": "", "color": "#AED581"}}, {"model": "journal.tag", "pk": 9, "fields": {"name": "LigueDesChampions", "description": "", "color": "#3F51B5"}}, {"model": "journal.tag", "pk": 10, "fields": {"name": "Rugby", "description": "", "color": "#000"}}, {"model": "journal.tag", "pk": 11, "fields": {"name": "Afrique", "description": "", "color": "#5D4037"}}, {"model": "journal.tag", "pk": 12, "fields": {"name": "Facebook", "description": "", "color": "#4267b2"}}, {"model": "journal.tag", "pk": 13, "fields": {"name": "Russie", "description": "", "color": "#E0E0E0"}}, {"model": "journal.tag", "pk": 14, "fields": {"name": "USA", "description": "", "color": "#d32f2f"}}, {"model": "journal.tag", "pk": 15, "fields": {"name": "Technologie", "description": "", "color": "#FB8C00"}}, {"model": "journal.tag", "pk": 16, "fields": {"name": "Jeux vid\u00e9o", "description": "", "color": "#4DB6AC"}}, {"model": "journal.tag", "pk": 17, "fields": {"name": "ReseauxSociaux", "description": "", "color": "#283593"}}, {"model": "journal.tag", "pk": 18, "fields": {"name": "Snapchat", "description": "", "color": "#FFEB3B"}}, {"model": "journal.tag", "pk": 19, "fields": {"name": "Internet", "description": "", "color": "#4DD0E1"}}, {"model": "journal.tag", "pk": 20, "fields": {"name": "Agriculture", "description": "", "color": "#D4E157"}}, {"model": "journal.tag", "pk": 21, "fields": {"name": "Maroc", "description": "", "color": "#f44336"}}, {"model": "journal.tag", "pk": 22, "fields": {"name": "France", "description": "", "color": "#2196F3"}}, {"model": "journal.tag", "pk": 23, "fields": {"name": "Banque", "description": "", "color": "#303F9F"}}, {"model": "journal.tag", "pk": 24, "fields": {"name": "Economie", "description": "", "color": "#757575"}}, {"model": "journal.tag", "pk": 25, "fields": {"name": "UnionEuropeenne", "description": "", "color": "#3949AB"}}, {"model": "journal.tag", "pk": 26, "fields": {"name": "Internationnal", "description": "", "color": "#546E7A"}}, {"model": "journal.tag", "pk": 27, "fields": {"name": "Palestine", "description": "", "color": "#880E4F"}}, {"model": "journal.tag", "pk": 28, "fields": {"name": "NorthKorea", "description": "", "color": "#37474F"}}, {"model": "journal.tag", "pk": 29, "fields": {"name": "Musique", "description": "", "color": "#607D8B"}}, {"model": "journal.tag", "pk": 30, "fields": {"name": "Maroc2026", "description": "", "color": "#c62828"}}, {"model": "journal.tag", "pk": 31, "fields": {"name": "Film", "description": "", "color": "#651FFF"}}, {"model": "journal.tag", "pk": 32, "fields": {"name": "China", "description": "", "color": "#df2507"}}, {"model": "journal.news", "pk": 1, "fields": {"titre": "Amazon\u2019s Apple Watch killer will be free and sell you everything", "smallTitre": "Amazon\u2019s Apple Watch killer will be free and sell you", "contenu": "null", "datePublication": "2018-04-19T00:48:00.809Z", "nombreVue": 0, "resume": "Populo tritani laboramus ex mei, no eum iuvaret ceteros euripidis, ne alia sadipscing mei. Te inciderint cotidieque pro, ei iisque docendi qui, ne accommodare theophrastus reprehendunt vel. Et commodo menandri eam", "comment_enable": true, "publisher": 1, "categorie": 1, "imagePrincipale": 7, "active": true, "tag": [15]}}, {"model": "journal.news", "pk": 4, "fields": {"titre": "Intel claims new SSD 750 drives are its fastest ever", "smallTitre": "Intel claims new SSD 750 drives are its fastest ever", "contenu": "null", "datePublication": "2018-04-19T01:12:50.275Z", "nombreVue": 0, "resume": "Populo tritani laboramus ex mei, no eum iuvaret ceteros euripidis, ne alia sadipscing mei. Te inciderint cotidieque pro, ei iisque docendi qui, ne accommodare theophrastus reprehendunt vel. Et commodo menandri eam", "comment_enable": true, "publisher": 1, "categorie": 1, "imagePrincipale": 8, "active": true, "tag": [15]}}, {"model": "journal.news", "pk": 5, "fields": {"titre": "Traveling Tends to Magnify All Human Emotions", "smallTitre": "Traveling Tends to Magnify All Human Emotions", "contenu": "null", "datePublication": "2018-04-19T01:13:20.570Z", "nombreVue": 17, "resume": "Populo tritani laboramus ex mei, no eum iuvaret ceteros euripidis, ne alia sadipscing mei. Te inciderint cotidieque pro, ei iisque docendi qui, ne accommodare theophrastus reprehendunt vel. Et commodo menandri eam", "comment_enable": true, "publisher": 1, "categorie": 4, "imagePrincipale": 4, "active": true, "tag": [1, 3, 5]}}, {"model": "journal.news", "pk": 6, "fields": {"titre": "Things you may have missed over the weekend", "smallTitre": "Things you may have missed over the weekend", "contenu": "https://demo.tagdiv.com/newspaper/things-you-may-have-missed-over-the-weekend/", "datePublication": "2018-04-20T02:27:33.865Z", "nombreVue": 3, "resume": "Populo tritani laboramus ex mei, no eum iuvaret ceteros euripidis, ne alia sadipscing mei. Te inciderint cotidieque pro, ei iisque docendi qui, ne accommodare theophrastus reprehendunt vel. Et commodo menandri eam", "comment_enable": true, "publisher": 1, "categorie": 4, "imagePrincipale": 9, "active": true, "tag": [1, 2, 3, 4, 5]}}, {"model": "journal.news", "pk": 7, "fields": {"titre": "The dangers of eating too much restaurant food", "smallTitre": "The dangers of eating too much restaurant food", "contenu": "https://demo.tagdiv.com/newspaper/td-post-the-dangers-of-eating-too-much-restaurant-food/", "datePublication": "2018-04-20T02:32:20.760Z", "nombreVue": 0, "resume": "Populo tritani laboramus ex mei, no eum iuvaret ceteros euripidis, ne alia sadipscing mei. Te inciderint cotidieque pro, ei iisque docendi qui, ne accommodare theophrastus reprehendunt vel. Et commodo menandri eam", "comment_enable": true, "publisher": 1, "categorie": 4, "imagePrincipale": 10, "active": true, "tag": [1, 3]}}, {"model": "journal.news", "pk": 8, "fields": {"titre": "10 Superfoods That Lower Cholesterol", "smallTitre": "10 Superfoods That Lower Cholesterol", "contenu": "https://demo.tagdiv.com/newspaper/td-post-10-superfoods-that-lower-cholesterol/", "datePublication": "2018-04-20T02:33:31.406Z", "nombreVue": 0, "resume": "Populo tritani laboramus ex mei, no eum iuvaret ceteros euripidis, ne alia sadipscing mei. Te inciderint cotidieque pro, ei iisque docendi qui, ne accommodare theophrastus reprehendunt vel. Et commodo menandri eam", "comment_enable": true, "publisher": 1, "categorie": 4, "imagePrincipale": 11, "active": true, "tag": [1, 3]}}, {"model": "journal.news", "pk": 9, "fields": {"titre": "The Secret To Living 200 Years? Just Ask A Whale", "smallTitre": "The Secret To Living 200 Years? Just Ask A Whale", "contenu": "https://demo.tagdiv.com/newspaper/td-post-the-secret-to-living-200-years-just-ask-a-whale/", "datePublication": "2018-04-20T02:34:27.787Z", "nombreVue": 0, "resume": "Populo tritani laboramus ex mei, no eum iuvaret ceteros euripidis, ne alia sadipscing mei. Te inciderint cotidieque pro, ei iisque docendi qui, ne accommodare theophrastus reprehendunt vel. Et commodo menandri eam", "comment_enable": true, "publisher": 1, "categorie": 4, "imagePrincipale": 12, "active": true, "tag": [1, 3]}}, {"model": "journal.news", "pk": 10, "fields": {"titre": "Three reasons why you should visit the island", "smallTitre": "Three reasons why you should visit the island", "contenu": "https://demo.tagdiv.com/newspaper/three-reasons-why-you-should-visit-the-island/", "datePublication": "2018-04-20T02:36:32.255Z", "nombreVue": 3, "resume": "Populo tritani laboramus ex mei, no eum iuvaret ceteros euripidis, ne alia sadipscing mei. Te inciderint cotidieque pro, ei iisque docendi qui, ne accommodare theophrastus reprehendunt vel. Et commodo menandri eam", "comment_enable": true, "publisher": 1, "categorie": 4, "imagePrincipale": 13, "active": true, "tag": [1, 2, 3, 4, 5]}}, {"model": "journal.news", "pk": 11, "fields": {"titre": "A taste of what we like this week at Cook", "smallTitre": "A taste of what we like this week at Cook", "contenu": "https://demo.tagdiv.com/newspaper/a-taste-of-what-we-like-this-week-at-cook/", "datePublication": "2018-04-20T02:43:16.345Z", "nombreVue": 0, "resume": "Populo tritani laboramus ex mei, no eum iuvaret ceteros euripidis, ne alia sadipscing mei. Te inciderint cotidieque pro, ei iisque docendi qui, ne accommodare theophrastus reprehendunt vel. Et commodo menandri eam", "comment_enable": true, "publisher": 1, "categorie": 4, "imagePrincipale": 14, "active": true, "tag": [1, 2, 3, 4, 5, 6]}}, {"model": "journal.news", "pk": 12, "fields": {"titre": "Caramelized onions and yogurt recipe apple", "smallTitre": "Caramelized onions and yogurt recipe apple", "contenu": "https://demo.tagdiv.com/newspaper/caramelized-onions-and-yogurt-recipe-apple/", "datePublication": "2018-04-20T02:44:12.326Z", "nombreVue": 0, "resume": "Populo tritani laboramus ex mei, no eum iuvaret ceteros euripidis, ne alia sadipscing mei. Te inciderint cotidieque pro, ei iisque docendi qui, ne accommodare theophrastus reprehendunt vel. Et commodo menandri eam", "comment_enable": true, "publisher": 1, "categorie": 4, "imagePrincipale": 15, "active": true, "tag": [1, 2, 3, 4, 5]}}, {"model": "journal.news", "pk": 13, "fields": {"titre": "Health star ratings Kellogg reveals the cereal", "smallTitre": "Health star ratings Kellogg reveals the cereal", "contenu": "https://demo.tagdiv.com/newspaper/health-star-ratings-kellogg-reveals-the-cereal/", "datePublication": "2018-04-20T02:45:09.422Z", "nombreVue": 14, "resume": "Populo tritani laboramus ex mei, no eum iuvaret ceteros euripidis, ne alia sadipscing mei. Te inciderint cotidieque pro, ei iisque docendi qui, ne accommodare theophrastus reprehendunt vel. Et commodo menandri eam", "comment_enable": false, "publisher": 1, "categorie": 4, "imagePrincipale": 16, "active": true, "tag": [1, 2, 3, 4, 5, 6]}}, {"model": "journal.news", "pk": 14, "fields": {"titre": "Tennis: Nadal et Thiem ont rendez-vous, Djokovic en progr\u00e8s", "smallTitre": "Nadal et Thiem ont rendez-vous, Djokovic en progr\u00e8s", "contenu": "http://www.france24.com/fr/20180419-tennis-nadal-thiem-ont-rendez-vous-djokovic-progres", "datePublication": "2018-04-20T04:03:48.504Z", "nombreVue": 0, "resume": "Populo tritani laboramus ex mei, no eum iuvaret ceteros euripidis, ne alia sadipscing mei. Te inciderint cotidieque pro, ei iisque docendi qui, ne accommodare theophrastus reprehendunt vel. Et commodo menandri eam", "comment_enable": true, "publisher": 1, "categorie": 2, "imagePrincipale": 17, "active": true, "tag": [6, 7]}}, {"model": "journal.news", "pk": 15, "fields": {"titre": "Football : Manchester City sacr\u00e9 champion d'Angleterre apr\u00e8s une saison de r\u00eave", "smallTitre": "Manchester City sacr\u00e9 champion d'Angleterre", "contenu": "http://www.france24.com/fr/20180415-football-angleterre-sports-football-manchester-city-champion-pep-guardiola", "datePublication": "2018-04-20T04:05:52.040Z", "nombreVue": 0, "resume": "Populo tritani laboramus ex mei, no eum iuvaret ceteros euripidis, ne alia sadipscing mei. Te inciderint cotidieque pro, ei iisque docendi qui, ne accommodare theophrastus reprehendunt vel. Et commodo menandri eam", "comment_enable": true, "publisher": 1, "categorie": 2, "imagePrincipale": 18, "active": true, "tag": [8, 6]}}, {"model": "journal.news", "pk": 16, "fields": {"titre": "Ligue des champions : Bayern - Real et Liverpool - AS Roma au programme des demies", "smallTitre": "Bayern - Real et Liverpool - AS Roma au programme des demies", "contenu": "http://www.france24.com/fr/20180413-football-tirage-sort-demi-finales-c1-ligue-champions-bayern-real-madrid-liverpool-roma", "datePublication": "2018-04-20T04:07:17.404Z", "nombreVue": 3, "resume": "Populo tritani laboramus ex mei, no eum iuvaret ceteros euripidis, ne alia sadipscing mei. Te inciderint cotidieque pro, ei iisque docendi qui, ne accommodare theophrastus reprehendunt vel. Et commodo menandri eam", "comment_enable": true, "publisher": 1, "categorie": 2, "imagePrincipale": 19, "active": true, "tag": [8, 9, 6]}}, {"model": "journal.news", "pk": 17, "fields": {"titre": "Turquie: l'entra\u00eeneur de Besiktas bless\u00e9 pendant le derby contre Fenerbah\u00e7e", "smallTitre": "Entra\u00eeneur de Besiktas bless\u00e9 pendant le derby contre Fenerbah\u00e7e", "contenu": "http://www.france24.com/fr/20180419-turquie-lentraineur-besiktas-blesse-pendant-le-derby-contre-fenerbahce", "datePublication": "2018-04-20T04:08:36.679Z", "nombreVue": 0, "resume": "Populo tritani laboramus ex mei, no eum iuvaret ceteros euripidis, ne alia sadipscing mei. Te inciderint cotidieque pro, ei iisque docendi qui, ne accommodare theophrastus reprehendunt vel. Et commodo menandri eam", "comment_enable": true, "publisher": 1, "categorie": 2, "imagePrincipale": 20, "active": true, "tag": [8, 6]}}, {"model": "journal.news", "pk": 18, "fields": {"titre": "Rugby: Joseph manquera la tourn\u00e9e anglaise en Afrique du Sud", "smallTitre": "Joseph manquera la tourn\u00e9e anglaise en Afrique du Sud", "contenu": "http://www.france24.com/fr/20180419-rugby-joseph-manquera-tournee-anglaise-afrique-sud", "datePublication": "2018-04-20T04:09:35.071Z", "nombreVue": 0, "resume": "Populo tritani laboramus ex mei, no eum iuvaret ceteros euripidis, ne alia sadipscing mei. Te inciderint cotidieque pro, ei iisque docendi qui, ne accommodare theophrastus reprehendunt vel. Et commodo menandri eam", "comment_enable": true, "publisher": 1, "categorie": 2, "imagePrincipale": 21, "active": true, "tag": [10, 6]}}, {"model": "journal.news", "pk": 19, "fields": {"titre": "Tennis: Djokovic \u00e0 Barcelone ou Budapest la semaine prochaine", "smallTitre": "Djokovic \u00e0 Barcelone ou Budapest la semaine prochaine", "contenu": "http://www.france24.com/fr/20180419-tennis-djokovic-a-barcelone-budapest-semaine-prochaine", "datePublication": "2018-04-20T04:10:21.323Z", "nombreVue": 0, "resume": "Populo tritani laboramus ex mei, no eum iuvaret ceteros euripidis, ne alia sadipscing mei. Te inciderint cotidieque pro, ei iisque docendi qui, ne accommodare theophrastus reprehendunt vel. Et commodo menandri eam", "comment_enable": true, "publisher": 1, "categorie": 2, "imagePrincipale": 22, "active": true, "tag": [6, 7]}}, {"model": "journal.news", "pk": 20, "fields": {"titre": "Ligue 1 : le PSG s'offre son 7e titre de champion de France en \u00e9crasant Monaco 7-1", "smallTitre": "le PSG s'offre son 7e titre de champion de France", "contenu": "http://www.france24.com/fr/20180415-football-france-ligue-championnat-france-psg-paris-monaco", "datePublication": "2018-04-20T04:11:30.810Z", "nombreVue": 0, "resume": "Populo tritani laboramus ex mei, no eum iuvaret ceteros euripidis, ne alia sadipscing mei. Te inciderint cotidieque pro, ei iisque docendi qui, ne accommodare theophrastus reprehendunt vel. Et commodo menandri eam", "comment_enable": true, "publisher": 1, "categorie": 2, "imagePrincipale": 23, "active": true, "tag": [8, 6]}}, {"model": "journal.news", "pk": 21, "fields": {"titre": "Afrique du Sud : l'athl\u00e8te fran\u00e7ais David Bellet-Brissaud dispara\u00eet myst\u00e9rieusement \u00e0 Port Elizabeth", "smallTitre": "Athl\u00e8te fran\u00e7ais dispara\u00eet myst\u00e9rieusement \u00e0 Port Elizabeth", "contenu": "http://www.france24.com/fr/20180417-afrique-sud-disparition-mysterieuse-triathlete-francais-port-elizabeth-David-Bellet-Brissau", "datePublication": "2018-04-20T04:14:05.722Z", "nombreVue": 0, "resume": "Populo tritani laboramus ex mei, no eum iuvaret ceteros euripidis, ne alia sadipscing mei. Te inciderint cotidieque pro, ei iisque docendi qui, ne accommodare theophrastus reprehendunt vel. Et commodo menandri eam", "comment_enable": true, "publisher": 1, "categorie": 2, "imagePrincipale": 24, "active": true, "tag": [11, 6]}}, {"model": "journal.news", "pk": 22, "fields": {"titre": "La Russie s'enlise dans le blocage de Telegram", "smallTitre": "La Russie s'enlise dans le blocage de Telegram", "contenu": "http://www.france24.com/fr/20180419-russie-enlisee-blocage-telegram-facebook-roskomnadzor", "datePublication": "2018-04-20T04:30:40.392Z", "nombreVue": 0, "resume": "Populo tritani laboramus ex mei, no eum iuvaret ceteros euripidis, ne alia sadipscing mei. Te inciderint cotidieque pro, ei iisque docendi qui, ne accommodare theophrastus reprehendunt vel. Et commodo menandri eam", "comment_enable": true, "publisher": 1, "categorie": 3, "imagePrincipale": 25, "active": true, "tag": [12, 13]}}, {"model": "journal.news", "pk": 23, "fields": {"titre": "Facebook : nouveaux param\u00e8tres de confidentialit\u00e9 pour les utilisateurs d'Europe", "smallTitre": "Facebook : nouveaux param\u00e8tres de confidentialit\u00e9 pour les utilisateurs d'Europe", "contenu": "http://www.france24.com/fr/20180419-europe-facebook-nouveaux-parametres-confidentialite-utilisateurs-cambridge-analytica", "datePublication": "2018-04-20T04:31:30.855Z", "nombreVue": 1, "resume": "Populo tritani laboramus ex mei, no eum iuvaret ceteros euripidis, ne alia sadipscing mei. Te inciderint cotidieque pro, ei iisque docendi qui, ne accommodare theophrastus reprehendunt vel. Et commodo menandri eam", "comment_enable": true, "publisher": 1, "categorie": 3, "imagePrincipale": 26, "active": true, "tag": [8]}}, {"model": "journal.news", "pk": 24, "fields": {"titre": "Washington et Londres d\u00e9noncent une \"cyberactivit\u00e9 malveillante\" de la Russie", "smallTitre": "Washington et Londres d\u00e9noncent une \"cyberactivit\u00e9 malveillante\" de la Russie", "contenu": "http://www.france24.com/fr/20180417-washington-londres-cyberactivite-malveillante-russie-piratage-informatique", "datePublication": "2018-04-20T04:33:01.514Z", "nombreVue": 0, "resume": "Populo tritani laboramus ex mei, no eum iuvaret ceteros euripidis, ne alia sadipscing mei. Te inciderint cotidieque pro, ei iisque docendi qui, ne accommodare theophrastus reprehendunt vel. Et commodo menandri eam", "comment_enable": true, "publisher": 1, "categorie": 3, "imagePrincipale": 27, "active": true, "tag": [13, 14]}}, {"model": "journal.news", "pk": 25, "fields": {"titre": "Air France, SNCF, universit\u00e9s : les mouvements sociaux se poursuivent en France", "smallTitre": "les mouvements sociaux se poursuivent en France", "contenu": "http://www.france24.com/fr/20180417-france-greve-air-france-sncf-universites-mouvements-sociaux-macron-bruno-maire", "datePublication": "2018-04-20T04:35:11.886Z", "nombreVue": 0, "resume": "Populo tritani laboramus ex mei, no eum iuvaret ceteros euripidis, ne alia sadipscing mei. Te inciderint cotidieque pro, ei iisque docendi qui, ne accommodare theophrastus reprehendunt vel. Et commodo menandri eam", "comment_enable": true, "publisher": 1, "categorie": 3, "imagePrincipale": 28, "active": true, "tag": [12, 15]}}, {"model": "journal.news", "pk": 26, "fields": {"titre": "Awal\u00e9, Empire songha\u00ef, Massa\u00ef... Masseka game studios veut faire entrer l'Afrique dans le jeu vid\u00e9o", "smallTitre": "Masseka game studios veut faire entrer l'Afrique dans le jeu vid\u00e9o", "contenu": "http://www.france24.com/fr/20180415-afrique-jeux-video-kissoro-songhai-massai-masseka-game-studios-teddy-kossoko", "datePublication": "2018-04-20T04:36:27.429Z", "nombreVue": 0, "resume": "Populo tritani laboramus ex mei, no eum iuvaret ceteros euripidis, ne alia sadipscing mei. Te inciderint cotidieque pro, ei iisque docendi qui, ne accommodare theophrastus reprehendunt vel. Et commodo menandri eam", "comment_enable": true, "publisher": 1, "categorie": 3, "imagePrincipale": 29, "active": true, "tag": [16, 15]}}, {"model": "journal.news", "pk": 27, "fields": {"titre": "Mauvaise passe pour Snapchat, l\u00e2ch\u00e9 par les stars", "smallTitre": "Mauvaise passe pour Snapchat, l\u00e2ch\u00e9 par les stars", "contenu": "http://www.france24.com/fr/20180327-snapchat-chute-bourse-rihanna-kylie-jenner-petition-kardashian", "datePublication": "2018-04-20T04:38:23.024Z", "nombreVue": 0, "resume": "Populo tritani laboramus ex mei, no eum iuvaret ceteros euripidis, ne alia sadipscing mei. Te inciderint cotidieque pro, ei iisque docendi qui, ne accommodare theophrastus reprehendunt vel. Et commodo menandri eam", "comment_enable": true, "publisher": 1, "categorie": 3, "imagePrincipale": 30, "active": true, "tag": [17, 18]}}, {"model": "journal.news", "pk": 28, "fields": {"titre": "Facebook : Mark Zuckerberg s'excuse pour ses \"erreurs\" devant le S\u00e9nat am\u00e9ricain", "smallTitre": "Mark Zuckerberg s'excuse pour ses \"erreurs\"", "contenu": "http://www.france24.com/fr/20180410-facebook-mark-zuckerberg-cambridge-analytica-excuse-erreurs-senat-americain", "datePublication": "2018-04-20T04:39:20.026Z", "nombreVue": 1, "resume": "Populo tritani laboramus ex mei, no eum iuvaret ceteros euripidis, ne alia sadipscing mei. Te inciderint cotidieque pro, ei iisque docendi qui, ne accommodare theophrastus reprehendunt vel. Et commodo menandri eam", "comment_enable": true, "publisher": 1, "categorie": 3, "imagePrincipale": 26, "active": true, "tag": [8]}}, {"model": "journal.news", "pk": 29, "fields": {"titre": "Facebook     Internet     Cambridge Analytica  Economie Le scandale Facebook ne s\u2019arr\u00eate pas au cas de Cambridge Analytica", "smallTitre": "Le scandale Facebook ne s\u2019arr\u00eate pas au cas de Cambridge Analytica", "contenu": "http://www.france24.com/fr/20180409-scandale-facebook-cambridge-analytica-aiq-harris-media-cubeyou-privacy", "datePublication": "2018-04-20T04:41:41.081Z", "nombreVue": 25, "resume": "Populo tritani laboramus ex mei, no eum iuvaret ceteros euripidis, ne alia sadipscing mei. Te inciderint cotidieque pro, ei iisque docendi qui, ne accommodare theophrastus reprehendunt vel. Et commodo menandri eam", "comment_enable": true, "publisher": 1, "categorie": 3, "imagePrincipale": 31, "active": true, "tag": [19, 12]}}, {"model": "journal.news", "pk": 30, "fields": {"titre": "IAM 2018: un pavillon pour exposer l\u2019expertise fran\u00e7aise", "smallTitre": "IAM 2018: un pavillon pour exposer l\u2019expertise fran\u00e7aise", "contenu": "http://fr.le360.ma/economie/siam-2018-un-pavillon-pour-exposer-lexpertise-francaise-163536", "datePublication": "2018-04-20T17:58:39.847Z", "nombreVue": 0, "resume": "Populo tritani laboramus ex mei, no eum iuvaret ceteros euripidis, ne alia sadipscing mei. Te inciderint cotidieque pro, ei iisque docendi qui, ne accommodare theophrastus reprehendunt vel. Et commodo menandri eam", "comment_enable": true, "publisher": 1, "categorie": 8, "imagePrincipale": 33, "active": true, "tag": [24, 20, 21, 22]}}, {"model": "journal.news", "pk": 31, "fields": {"titre": "Environnement. Economie circulaire: BMCE Bank of Africa lance \"CapValoris\"", "smallTitre": "BMCE Bank of Africa lance \"CapValoris\"", "contenu": "http://fr.le360.ma/economie/environnement-economie-circulaire-bmce-bank-of-africa-lance-capvaloris-163668", "datePublication": "2018-04-20T18:00:18.311Z", "nombreVue": 0, "resume": "Populo tritani laboramus ex mei, no eum iuvaret ceteros euripidis, ne alia sadipscing mei. Te inciderint cotidieque pro, ei iisque docendi qui, ne accommodare theophrastus reprehendunt vel. Et commodo menandri eam", "comment_enable": true, "publisher": 1, "categorie": 8, "imagePrincipale": 34, "active": true, "tag": [24, 2, 23]}}, {"model": "journal.news", "pk": 32, "fields": {"titre": "La Banque mondiale pr\u00e9conise un nouveau mod\u00e8le de croissance pour le Maroc", "smallTitre": "Un nouveau mod\u00e8le de croissance pour le Maroc", "contenu": "http://fr.le360.ma/economie/la-banque-mondiale-preconise-un-nouveau-modele-de-croissance-pour-le-maroc-163644", "datePublication": "2018-04-20T18:01:41.206Z", "nombreVue": 0, "resume": "Populo tritani laboramus ex mei, no eum iuvaret ceteros euripidis, ne alia sadipscing mei. Te inciderint cotidieque pro, ei iisque docendi qui, ne accommodare theophrastus reprehendunt vel. Et commodo menandri eam", "comment_enable": true, "publisher": 1, "categorie": 8, "imagePrincipale": 35, "active": true, "tag": [24, 21, 23]}}, {"model": "journal.news", "pk": 33, "fields": {"titre": "Diapo. Rabat. Accord de p\u00eache Maroc-UE: les premi\u00e8res images du d\u00e9marrage des n\u00e9gociations", "smallTitre": "Diapo. Rabat. Accord de p\u00eache Maroc-UE", "contenu": "http://fr.le360.ma/economie/diapo-rabat-accord-de-peche-maroc-ue-les-premieres-images-du-demarrage-des-negociations-163642", "datePublication": "2018-04-20T18:07:47.324Z", "nombreVue": 0, "resume": "Populo tritani laboramus ex mei, no eum iuvaret ceteros euripidis, ne alia sadipscing mei. Te inciderint cotidieque pro, ei iisque docendi qui, ne accommodare theophrastus reprehendunt vel. Et commodo menandri eam", "comment_enable": true, "publisher": 1, "categorie": 8, "imagePrincipale": 36, "active": true, "tag": [24, 25, 21]}}, {"model": "journal.news", "pk": 34, "fields": {"titre": "Airbnb et Booking.com bient\u00f4t tax\u00e9s au Maroc: voici ce qui va changer pour les utilisateurs", "smallTitre": "Airbnb et Booking.com bient\u00f4t tax\u00e9s au Maroc", "contenu": "http://fr.le360.ma/economie/airbnb-et-bookingcom-bientot-taxes-au-maroc-voici-ce-qui-va-changer-pour-les-utilisateurs-163535", "datePublication": "2018-04-20T18:09:09.056Z", "nombreVue": 0, "resume": "Populo tritani laboramus ex mei, no eum iuvaret ceteros euripidis, ne alia sadipscing mei. Te inciderint cotidieque pro, ei iisque docendi qui, ne accommodare theophrastus reprehendunt vel. Et commodo menandri eam", "comment_enable": true, "publisher": 1, "categorie": 8, "imagePrincipale": 37, "active": true, "tag": [24, 5]}}, {"model": "journal.news", "pk": 35, "fields": {"titre": "Afrique subsaharienne: la banque mondiale prevoit 31 de croissance en 2018", "smallTitre": "La banque mondiale prevoit 31 de croissance en 2018", "contenu": "http://afrique.le360.ma/mauritanie/economie/2018/04/20/20534-afrique-subsaharienne-la-banque-mondiale-prevoit-31-de-croissance-en-2018-20534", "datePublication": "2018-04-20T18:11:44.154Z", "nombreVue": 0, "resume": "Populo tritani laboramus ex mei, no eum iuvaret ceteros euripidis, ne alia sadipscing mei. Te inciderint cotidieque pro, ei iisque docendi qui, ne accommodare theophrastus reprehendunt vel. Et commodo menandri eam", "comment_enable": true, "publisher": 1, "categorie": 8, "imagePrincipale": 38, "active": true, "tag": [24, 26, 23]}}, {"model": "journal.news", "pk": 36, "fields": {"titre": "C\u00e9r\u00e9ales: la campagne agricole d\u00e9finitivement sauv\u00e9e", "smallTitre": "C\u00e9r\u00e9ales: la campagne agricole d\u00e9finitivement sauv\u00e9e", "contenu": "http://fr.le360.ma/economie/cereales-la-campagne-agricole-definitivement-sauvee-163695", "datePublication": "2018-04-20T18:12:37.113Z", "nombreVue": 0, "resume": "Populo tritani laboramus ex mei, no eum iuvaret ceteros euripidis, ne alia sadipscing mei. Te inciderint cotidieque pro, ei iisque docendi qui, ne accommodare theophrastus reprehendunt vel. Et commodo menandri eam", "comment_enable": true, "publisher": 1, "categorie": 8, "imagePrincipale": 39, "active": true, "tag": [24, 20]}}, {"model": "journal.news", "pk": 37, "fields": {"titre": "Casablanca pr\u00e9pare la restructuration de son administration fiscale", "smallTitre": "Casablanca pr\u00e9pare la restructuration de son administration fiscale", "contenu": "http://fr.le360.ma/economie/casablanca-prepare-la-restructuration-de-son-administration-fiscale-163688", "datePublication": "2018-04-20T18:14:00.767Z", "nombreVue": 8, "resume": "Populo tritani laboramus ex mei, no eum iuvaret ceteros euripidis, ne alia sadipscing mei. Te inciderint cotidieque pro, ei iisque docendi qui, ne accommodare theophrastus reprehendunt vel. Et commodo menandri eam", "comment_enable": true, "publisher": 1, "categorie": 8, "imagePrincipale": 40, "active": true, "tag": [24, 21]}}, {"model": "journal.news", "pk": 38, "fields": {"titre": "Alg\u00e9rie. Migration: le Mali rappelle son ambassadeur et son consul g\u00e9n\u00e9ral", "smallTitre": "Alg\u00e9rie. Migration: le Mali rappelle son ambassadeur et son consul g\u00e9n\u00e9ral", "contenu": "http://afrique.le360.ma/algerie-mali/politique/2018/04/19/20542-algerie-migration-le-mali-rappelle-son-ambassadeur-et-son-consul-general-20542", "datePublication": "2018-04-20T23:49:20.697Z", "nombreVue": 0, "resume": "Populo tritani laboramus ex mei, no eum iuvaret ceteros euripidis, ne alia sadipscing mei. Te inciderint cotidieque pro, ei iisque docendi qui, ne accommodare theophrastus reprehendunt vel. Et commodo menandri eam", "comment_enable": true, "publisher": 1, "categorie": 5, "imagePrincipale": 41, "active": true, "tag": [26, 11]}}, {"model": "journal.news", "pk": 39, "fields": {"titre": "Alg\u00e9rie: les autorit\u00e9s spectatrices des viols en s\u00e9rie de Subsahariennes \u00e0 Oran", "smallTitre": "Alg\u00e9rie: les autorit\u00e9s spectatrices des viols en s\u00e9rie de Subsahariennes \u00e0 Oran", "contenu": "http://afrique.le360.ma/algerie/politique/2018/04/20/20556-algerie-les-autorites-spectatrices-des-viols-en-serie-de-subsahariennes-oran-20556", "datePublication": "2018-04-20T23:50:35.346Z", "nombreVue": 0, "resume": "Populo tritani laboramus ex mei, no eum iuvaret ceteros euripidis, ne alia sadipscing mei. Te inciderint cotidieque pro, ei iisque docendi qui, ne accommodare theophrastus reprehendunt vel. Et commodo menandri eam", "comment_enable": true, "publisher": 1, "categorie": 5, "imagePrincipale": 42, "active": true, "tag": [26, 11]}}, {"model": "journal.news", "pk": 40, "fields": {"titre": "Allemagne. \u00c9vacuation massive \u00e0 Berlin pour d\u00e9samorcer une bombe britannique", "smallTitre": "\u00c9vacuation massive \u00e0 Berlin pour d\u00e9samorcer une bombe", "contenu": "http://fr.le360.ma/monde/video-allemagne-evacuation-massive-a-berlin-pour-desamorcer-une-bombe-britannique-163709", "datePublication": "2018-04-20T23:51:38.416Z", "nombreVue": 0, "resume": "Populo tritani laboramus ex mei, no eum iuvaret ceteros euripidis, ne alia sadipscing mei. Te inciderint cotidieque pro, ei iisque docendi qui, ne accommodare theophrastus reprehendunt vel. Et commodo menandri eam", "comment_enable": true, "publisher": 1, "categorie": 5, "imagePrincipale": 43, "active": true, "tag": [26]}}, {"model": "journal.news", "pk": 41, "fields": {"titre": "Palestine. Quand le cerf-volant devient une arme de contestation", "smallTitre": "Quand le cerf-volant devient une arme de contestation", "contenu": "http://fr.le360.ma/monde/palestine-quand-le-cerf-volant-devient-une-arme-de-contestation-163708", "datePublication": "2018-04-20T23:53:06.735Z", "nombreVue": 0, "resume": "Populo tritani laboramus ex mei, no eum iuvaret ceteros euripidis, ne alia sadipscing mei. Te inciderint cotidieque pro, ei iisque docendi qui, ne accommodare theophrastus reprehendunt vel. Et commodo menandri eam", "comment_enable": true, "publisher": 1, "categorie": 5, "imagePrincipale": 44, "active": true, "tag": [26, 27]}}, {"model": "journal.news", "pk": 42, "fields": {"titre": "Zimbabwe: Mugabe convoqu\u00e9 pour la disparition de 15 milliards de dollars de diamants", "smallTitre": "Zimbabwe: Mugabe convoqu\u00e9 pour la disparition de 15 milliards de dollars de diamants", "contenu": "http://afrique.le360.ma/autres-pays/politique/2018/04/20/20558-zimbabwe-mugabe-convoque-pour-la-disparition-de-15-milliards-de-dollars-de-diamants-20558", "datePublication": "2018-04-20T23:54:13.158Z", "nombreVue": 4, "resume": "Populo tritani laboramus ex mei, no eum iuvaret ceteros euripidis, ne alia sadipscing mei. Te inciderint cotidieque pro, ei iisque docendi qui, ne accommodare theophrastus reprehendunt vel. Et commodo menandri eam", "comment_enable": true, "publisher": 1, "categorie": 5, "imagePrincipale": 45, "active": true, "tag": [26, 11]}}, {"model": "journal.news", "pk": 43, "fields": {"titre": "Cameroun: le gouvernement veut redynamiser la lutte contre la corruption", "smallTitre": "Cameroun: le gouvernement veut redynamiser la lutte contre la corruption", "contenu": "http://afrique.le360.ma/autres-pays/societe/2018/04/20/20540-cameroun-le-gouvernement-veut-redynamiser-la-lutte-contre-la-corruption-20540", "datePublication": "2018-04-20T23:55:22.669Z", "nombreVue": 1, "resume": "Populo tritani laboramus ex mei, no eum iuvaret ceteros euripidis, ne alia sadipscing mei. Te inciderint cotidieque pro, ei iisque docendi qui, ne accommodare theophrastus reprehendunt vel. Et commodo menandri eam", "comment_enable": true, "publisher": 1, "categorie": 5, "imagePrincipale": 46, "active": true, "tag": [26, 11]}}, {"model": "journal.news", "pk": 44, "fields": {"titre": "Arabie Saoudite. Quatre policiers abattus par des hommes arm\u00e9s", "smallTitre": "Arabie Saoudite. Quatre policiers abattus par des hommes arm\u00e9s", "contenu": "http://fr.le360.ma/monde/arabie-saoudite-quatre-policiers-abattus-par-des-hommes-armes-163702", "datePublication": "2018-04-20T23:56:21.592Z", "nombreVue": 0, "resume": "Populo tritani laboramus ex mei, no eum iuvaret ceteros euripidis, ne alia sadipscing mei. Te inciderint cotidieque pro, ei iisque docendi qui, ne accommodare theophrastus reprehendunt vel. Et commodo menandri eam", "comment_enable": true, "publisher": 1, "categorie": 5, "imagePrincipale": 47, "active": true, "tag": [26]}}, {"model": "journal.news", "pk": 45, "fields": {"titre": "Prison \u00e0 vie pour la \"nounou tueuse\" qui a inspir\u00e9 \"Chanson douce\" \u00e0 Le\u00efla Slimani", "smallTitre": "Prison \u00e0 vie pour la \"nounou tueuse\" qui a inspir\u00e9 \"Chanson douce\" \u00e0 Le\u00efla Slimani", "contenu": "fr.le360.ma/monde/prison-a-vie-pour-la-nounou-tueuse-qui-a-inspire-chanson-douce-a-leila-slimani-163659", "datePublication": "2018-04-20T23:57:46.792Z", "nombreVue": 0, "resume": "Populo tritani laboramus ex mei, no eum iuvaret ceteros euripidis, ne alia sadipscing mei. Te inciderint cotidieque pro, ei iisque docendi qui, ne accommodare theophrastus reprehendunt vel. Et commodo menandri eam", "comment_enable": true, "publisher": 1, "categorie": 5, "imagePrincipale": 48, "active": true, "tag": [26]}}, {"model": "journal.news", "pk": 46, "fields": {"titre": "France. Un imam salafiste connu pour ses pr\u00eaches radicaux expuls\u00e9 vers l'Alg\u00e9rie", "smallTitre": "Un imam salafiste expuls\u00e9 vers l'Alg\u00e9rie", "contenu": "fr.le360.ma/monde/france-un-imam-salafiste-connu-pour-ses-preches-radicaux-expulse-vers-lalgerie-163700", "datePublication": "2018-04-20T23:58:39.705Z", "nombreVue": 5, "resume": "Populo tritani laboramus ex mei, no eum iuvaret ceteros euripidis, ne alia sadipscing mei. Te inciderint cotidieque pro, ei iisque docendi qui, ne accommodare theophrastus reprehendunt vel. Et commodo menandri eam", "comment_enable": true, "publisher": 1, "categorie": 5, "imagePrincipale": 49, "active": true, "tag": [26]}}, {"model": "journal.news", "pk": 47, "fields": {"titre": "North Korea 'halts missile and nuclear tests', says Kim Jong-un", "smallTitre": "North Korea 'halts missile and nuclear tests'", "contenu": "<p>Facilisi complectitur eos eu. Est tritani argumentum in, ei suas ignota admodum vim, ipsum choro has ut. Ei vim noluisse luptatum, nominavi mandamus qui ut. Ne usu lucilius mnesarchum, vim ex nisl summo expetenda, in dicta appareat usu. Ea cum altera fuisset adipisci, in sed eius tacimates, eu duo magna numquam placerat.</p>\r\n\t\t\t\t\t\t\t\t<p>Sea at dolorum nominavi adipiscing, ei eam mundi legimus, sit deleniti definiebas et. Pri dicit latine reformidans ne, offendit rationibus incorrupte an qui, eum populo molestie tacimates te. Nec ea facer vituperatoribus, cu pro feugiat minimum platonem. Elit accusam ei per. Duis illum est ut.</p>\r\n\t\t\t\t\t\t\t\t<p>Ex eos esse sale eligendi. Eos ut exerci audire nostrum, at pro dolores tacimates voluptaria. Facete disputando at quo, omittantur philosophia id qui. Ad labore facete suscipiantur sed. Cu iisque sanctus inciderint has, per quodsi liberavisse ea.</p>\r\n\t\t\t\t\t\t\t\t<p>Sit falli nonumes atomorum ex, ipsum populo iisque eum at. Sumo solet omnium eum ad, quis omnium ut ius, volumus splendide sed ad. Mea vide dicta ne, appareat patrioque has an. Wisi sale delectus eum eu, corpora salutatus no sit. Sale interesset eu per.</p>\r\n\t\t\t\t\t\t\t\t<h4>Sit falli nonumes atomorum ex, ipsum populo iisque eum at</h4>\r\n\t\t\t\t\t\t\t\t<p>Facilisi complectitur eos eu. Est tritani argumentum in, ei suas ignota admodum vim, ipsum choro has ut. Ei vim noluisse luptatum, nominavi mandamus qui ut. Ne usu lucilius mnesarchum, vim ex nisl summo expetenda, in dicta appareat usu. Ea cum altera fuisset adipisci, in sed eius tacimates, eu duo magna numquam placerat.</p>\r\n\t\t\t\t\t\t\t\t<p>Sea at dolorum nominavi adipiscing, ei eam mundi legimus, sit deleniti definiebas et. Pri dicit latine reformidans ne, offendit rationibus incorrupte an qui, eum populo molestie tacimates te. Nec ea facer vituperatoribus, cu pro feugiat minimum platonem. Elit accusam ei per. Duis illum est ut.</p>\r\n\t\t\t\t\t\t\t\t<p>Ex eos esse sale eligendi. Eos ut exerci audire nostrum, at pro dolores tacimates voluptaria. Facete disputando at quo, omittantur philosophia id qui. Ad labore facete suscipiantur sed. Cu iisque sanctus inciderint has, per quodsi liberavisse ea.</p>\r\n\t\t\t\t\t\t\t\t<p>Sit falli nonumes atomorum ex, ipsum populo iisque eum at. Sumo solet omnium eum ad, quis omnium ut ius, volumus splendide sed ad. Mea vide dicta ne, appareat patrioque has an. Wisi sale delectus eum eu, corpora salutatus no sit. Sale interesset eu per.</p>\r\n<a href=\"http://www.bbc.com/news/world-asia-43846488\">Source</a>", "datePublication": "2018-04-21T03:22:20.670Z", "nombreVue": 39, "resume": "North Korean leader Kim Jong-un has said he will suspend all missile tests and shut down a nuclear test site with immediate effect.", "comment_enable": true, "publisher": 1, "categorie": 1, "imagePrincipale": 50, "active": true, "tag": [26]}}, {"model": "journal.news", "pk": 48, "fields": {"titre": "Why has Kim Jong-un halted North Korean tests now?", "smallTitre": "Why has Kim Jong-un halted North Korean tests now?", "contenu": "http://www.bbc.com/news/world-asia-43847845", "datePublication": "2018-04-21T03:23:55.756Z", "nombreVue": 6, "resume": "Kim Jong-un's announcement that North Korea is to halt nuclear and missile tests immediately comes as he prepares for two major diplomatic events. Analyst Ankit Panda asks what the North Korean leader hopes to gain with his latest move.", "comment_enable": true, "publisher": 1, "categorie": 1, "imagePrincipale": 51, "active": true, "tag": [26, 28]}}, {"model": "journal.news", "pk": 49, "fields": {"titre": "Avicii: The superstar DJ behind some of the decade's biggest hits", "smallTitre": "Avicii: The superstar DJ behind some of the decade's biggest hits", "contenu": "<p>Facilisi complectitur eos eu. Est tritani argumentum in, ei suas ignota admodum vim, ipsum choro has ut. Ei vim noluisse luptatum, nominavi mandamus qui ut. Ne usu lucilius mnesarchum, vim ex nisl summo expetenda, in dicta appareat usu. Ea cum altera fuisset adipisci, in sed eius tacimates, eu duo magna numquam placerat.</p>\r\n\t\t\t\t\t\t\t\t<p>Sea at dolorum nominavi adipiscing, ei eam mundi legimus, sit deleniti definiebas et. Pri dicit latine reformidans ne, offendit rationibus incorrupte an qui, eum populo molestie tacimates te. Nec ea facer vituperatoribus, cu pro feugiat minimum platonem. Elit accusam ei per. Duis illum est ut.</p>\r\n\t\t\t\t\t\t\t\t<p>Ex eos esse sale eligendi. Eos ut exerci audire nostrum, at pro dolores tacimates voluptaria. Facete disputando at quo, omittantur philosophia id qui. Ad labore facete suscipiantur sed. Cu iisque sanctus inciderint has, per quodsi liberavisse ea.</p>\r\n\t\t\t\t\t\t\t\t<p>Sit falli nonumes atomorum ex, ipsum populo iisque eum at. Sumo solet omnium eum ad, quis omnium ut ius, volumus splendide sed ad. Mea vide dicta ne, appareat patrioque has an. Wisi sale delectus eum eu, corpora salutatus no sit. Sale interesset eu per.</p>\r\n\t\t\t\t\t\t\t\t<h4>Sit falli nonumes atomorum ex, ipsum populo iisque eum at</h4>\r\n\t\t\t\t\t\t\t\t<p>Facilisi complectitur eos eu. Est tritani argumentum in, ei suas ignota admodum vim, ipsum choro has ut. Ei vim noluisse luptatum, nominavi mandamus qui ut. Ne usu lucilius mnesarchum, vim ex nisl summo expetenda, in dicta appareat usu. Ea cum altera fuisset adipisci, in sed eius tacimates, eu duo magna numquam placerat.</p>\r\n\t\t\t\t\t\t\t\t<p>Sea at dolorum nominavi adipiscing, ei eam mundi legimus, sit deleniti definiebas et. Pri dicit latine reformidans ne, offendit rationibus incorrupte an qui, eum populo molestie tacimates te. Nec ea facer vituperatoribus, cu pro feugiat minimum platonem. Elit accusam ei per. Duis illum est ut.</p>\r\n\t\t\t\t\t\t\t\t<p>Ex eos esse sale eligendi. Eos ut exerci audire nostrum, at pro dolores tacimates voluptaria. Facete disputando at quo, omittantur philosophia id qui. Ad labore facete suscipiantur sed. Cu iisque sanctus inciderint has, per quodsi liberavisse ea.</p>\r\n\t\t\t\t\t\t\t\t<p>Sit falli nonumes atomorum ex, ipsum populo iisque eum at. Sumo solet omnium eum ad, quis omnium ut ius, volumus splendide sed ad. Mea vide dicta ne, appareat patrioque has an. Wisi sale delectus eum eu, corpora salutatus no sit. Sale interesset eu per.</p>\r\n<a href=\"http://www.bbc.com/news/entertainment-arts-43845137\">Source</a>", "datePublication": "2018-04-21T03:25:18.074Z", "nombreVue": 220, "resume": "The death of Swedish DJ Avicii, whose supreme knack for uplifting, melodic pop-house hits made him one of the world's biggest dance producers, has left fans and fellow musicians in deep shock.", "comment_enable": true, "publisher": 1, "categorie": 1, "imagePrincipale": 52, "active": true, "tag": [1, 29, 26]}}, {"model": "journal.news", "pk": 50, "fields": {"titre": "Thank you AVICII", "smallTitre": "Thank you AVICII", "contenu": "null", "datePublication": "2018-04-22T14:29:47.865Z", "nombreVue": 12, "resume": "Populo tritani laboramus ex mei, no eum iuvaret ceteros euripidis, ne alia sadipscing mei. Te inciderint cotidieque pro, ei iisque docendi qui.", "comment_enable": true, "publisher": 1, "categorie": 4, "imagePrincipale": 54, "active": true, "tag": [29]}}, {"model": "journal.news", "pk": 51, "fields": {"titre": "FAR MAROC : F-16 refueling - Exercice African Lion 2018", "smallTitre": "FAR MAROC : F-16 refueling - Exercice African Lion 2018", "contenu": "null", "datePublication": "2018-04-22T14:37:11.887Z", "nombreVue": 44, "resume": "Populo tritani laboramus ex mei, no eum iuvaret ceteros euripidis, ne alia sadipscing mei. Te inciderint cotidieque pro, ei iisque docendi qui.", "comment_enable": true, "publisher": 1, "categorie": 1, "imagePrincipale": 55, "active": true, "tag": [26, 21, 14]}}, {"model": "journal.news", "pk": 52, "fields": {"titre": "Moulay Hafid Elalamy : \u00abLa Task Force juge admirable le dossier marocain\u00bb", "smallTitre": "\u00abLa Task Force juge admirable le dossier marocain\u00bb", "contenu": "Les membres de la Task Force sont repartis ! Ils n\u2019ont pas fait de d\u00e9claration ni donn\u00e9 d\u2019interview \u00e0 la presse. Mais \u00e0 en croire Moulay Hafid Elalamy, pr\u00e9sident du comit\u00e9 national pour l\u2019organisation de la Coupe du monde 2026, la d\u00e9l\u00e9gation de la FIFA a affich\u00e9 son admiration pour la qualit\u00e9 du dossier du Maroc remis lors du d\u00e9p\u00f4t de candidature. Le pr\u00e9sident du comit\u00e9 Maroc 2026 a en outre indiqu\u00e9 que le concept des stades modulaires, les infrastructures du transport, la qualit\u00e9 de l\u2019organisation de la visite et le s\u00e9rieux et la cr\u00e9dibilit\u00e9 du dossier, ainsi que la comp\u00e9tence et l\u2019implication de l\u2019\u00e9quipe Coupe du monde Maroc 2026, ont beaucoup s\u00e9duit les experts de la FIFA.", "datePublication": "2018-04-22T14:42:17.778Z", "nombreVue": 30, "resume": "Populo tritani laboramus ex mei, no eum iuvaret ceteros euripidis, ne alia sadipscing mei. Te inciderint cotidieque pro, ei iisque docendi qui.", "comment_enable": true, "publisher": 1, "categorie": 1, "imagePrincipale": 56, "active": true, "tag": [21, 30]}}, {"model": "journal.news", "pk": 53, "fields": {"titre": "London Marathon - finish-line live", "smallTitre": "London Marathon - finish-line live", "contenu": "Live coverage of the finish line at the 2018 London Marathon.", "datePublication": "2018-04-22T15:26:22.282Z", "nombreVue": 10, "resume": "Populo tritani laboramus ex mei, no eum iuvaret ceteros euripidis, ne alia sadipscing mei. Te inciderint cotidieque pro, ei iisque docendi qui.", "comment_enable": true, "publisher": 1, "categorie": 2, "imagePrincipale": 57, "active": true, "tag": [6]}}, {"model": "journal.news", "pk": 54, "fields": {"titre": "Verne Troyer: Austin Powers star's film and TV moments", "smallTitre": "Verne Troyer: Austin Powers star's film and TV moments", "contenu": "Verne Troyer, who played Mini-Me in two of the Austin Powers comedy films, has died at the age of 49, according to statements posted to his social media accounts on Saturday.", "datePublication": "2018-04-22T15:33:56.305Z", "nombreVue": 5, "resume": "Populo tritani laboramus ex mei, no eum iuvaret ceteros euripidis, ne alia sadipscing mei. Te inciderint cotidieque pro, ei iisque docendi qui.", "comment_enable": true, "publisher": 1, "categorie": 1, "imagePrincipale": 58, "active": true, "tag": [31]}}, {"model": "journal.news", "pk": 60, "fields": {"titre": "Watch Challenging Street Calisthenics Workout in Morocco", "smallTitre": "Watch Challenging Street Calisthenics Workout in Morocco", "contenu": "The video shows a group of Moroccan young people performing challenging workout and calisthenics outdoors.", "datePublication": "2018-05-01T14:55:16.411Z", "nombreVue": 2, "resume": "The video shows a group of Moroccan young people performing challenging workout and calisthenics outdoors.", "comment_enable": true, "publisher": 3, "categorie": 4, "imagePrincipale": 62, "active": true, "tag": [1, 3, 21, 6]}}, {"model": "journal.news", "pk": 61, "fields": {"titre": "Highway Drama: the  Gendarmerie Pursues a Crazy Truck Driver", "smallTitre": "Highway Drama: the  Gendarmerie Pursues a Crazy Truck Driver", "contenu": "<p>Rabat \u2013 A video shows the gendarmerie chasing a truck zigzagging through the highway and blocking other drivers on the road. After noticing that the authorities were following him , the trucker tried to escape, abandoning his vehicle in the middle of the highway, before finally being caught by the gendarmerie on foot.</p>", "datePublication": "2018-05-01T15:14:30.328Z", "nombreVue": 1, "resume": ">Rabat \u2013 A video shows the gendarmerie chasing a truck zigzagging through the highway and blocking other drivers on the road.", "comment_enable": true, "publisher": 2, "categorie": 1, "imagePrincipale": 63, "active": true, "tag": [21]}}, {"model": "journal.news", "pk": 62, "fields": {"titre": "Plane Makes Emergency Landing Because of Farting Passenger", "smallTitre": "Plane Makes Emergency Landing Because of Farting Passenger", "contenu": "<p>According to multiple reports, a flight from Dubai to Amsterdam had to make an emergency landing in Vienna after a fight broke out because one of the passengers wouldn\u2019t stop passing so much gas mid-flight.</p>", "datePublication": "2018-05-01T15:23:56.569Z", "nombreVue": 2, "resume": "According to multiple reports, a flight from Dubai to Amsterdam had to make an emergency landing in Vienna after a fight broke out because one of the passengers wouldn\u2019t stop passing so much gas mid-flight.", "comment_enable": true, "publisher": 3, "categorie": 5, "imagePrincipale": 64, "active": true, "tag": [26]}}, {"model": "journal.news", "pk": 63, "fields": {"titre": "Bridge Demolished in Controlled Explosion in China", "smallTitre": "Bridge Demolished in Controlled Explosion in China", "contenu": "<p>A video of very successful controlled explosion in China published on YouTube on February 6 went viral on social media.\r\n<br>The video shows the destruction of \u201cthe 60-year-old Laoshahe Bridge in central China\u2019s Henan province\u201d in a very successful controlled explosion.\r\n<br>The footage that looks like a piece of art shows 150-meter-long bridge quickly blown up into rubble with dust and smoke went up and the debris sunk in the Laosha River.\r\n<br>According to the Yahoo News, \u201cthe bridge was closed after it was deemed unsafe for vehicular traffic between the city of Dingcheng and Huaiyang County.\u201d</p>", "datePublication": "2018-05-01T15:52:47.416Z", "nombreVue": 1, "resume": "A video of very successful controlled explosion in China published on YouTube on February 6 went viral on social media.", "comment_enable": true, "publisher": 2, "categorie": 5, "imagePrincipale": 67, "active": true, "tag": [32, 26]}}, {"model": "journal.news", "pk": 64, "fields": {"titre": "Moroccan Spice Seller Masters German Language", "smallTitre": "Moroccan Spice Seller Masters German Language", "contenu": "<p>Rabat \u2013 <em>One Moroccan spice seller surprises German tourists in a video posted by a German Youtuber Yan Anga.<em>\r\n<br>The vendor can be seen extolling the medical uses of his natural wares and explaining their appropriate application to German tourists\u2013in German!\r\n<br>This polyglot yet another example of the legendary Moroccan linguistic prowess.</p>", "datePublication": "2018-05-01T16:02:07.489Z", "nombreVue": 11, "resume": "One Moroccan spice seller surprises German tourists in a video posted by a German Youtuber Yan Anga.", "comment_enable": true, "publisher": 2, "categorie": 4, "imagePrincipale": 68, "active": true, "tag": [21, 4, 5]}}, {"model": "journal.news", "pk": 65, "fields": {"titre": "McDonald\u2019s Kicks Out Customer for Buying Homeless Man Food", "smallTitre": "McDonald\u2019s Kicks Out Customer for Buying Homeless Man Food", "contenu": "<p>McDonald\u2019s kicks out customer for buying homeless man food in Myrtle Beach, South Carolina without refunding the guys money.\r\n<br>A kind-hearted guy invited a old homeless man into McDonald\u2019s for food. He bought him some food.\r\n<br>But, McDonald\u2019s did not like the fact a homeless man was in their restaurant. So, they called the police and had both men removed with a \u201cno trespass\u201d put in order.</p>\r\n<h3>The most beautiful people we have known are those:</h3>\r\n<ul style=\"list-style: disc; padding-left: 40px;\">\r\n<li>explain to you how all this mistaken idea of denouncing</li>\r\n<li>pleasure and praising pain was born</li>\r\n<li>the system and expound the actual teachings</li>\r\n<li>great explorer of the truth</li>\r\n</ul><br>\r\n<p>To take a trivial example, which of us ever undertakes laborious physical exercise, except to obtain some advantage from it? But who has any right to find fault with a man who chooses to enjoy a pleasure that has no annoying consequences, or one who avoids a pain that produces no resultant pleasure?</p><br>\r\n<p>On the other hand, we denounce with righteous indignation and dislike men who are so beguiled and demoralized by the charms of pleasure of the moment, so blinded by desire, that they cannot foresee.</p>", "datePublication": "2018-05-01T16:05:28.673Z", "nombreVue": 9, "resume": "McDonald\u2019s kicks out customer for buying homeless man food in Myrtle Beach, South Carolina without refunding the guys money.", "comment_enable": true, "publisher": 1, "categorie": 5, "imagePrincipale": 69, "active": true, "tag": [1, 14]}}, {"model": "journal.video", "pk": 50, "fields": {"videoUrl": "https://www.youtube.com/embed/1l7c6GbE0bc", "data_merge": 2, "equipe_selection": true, "tag": [29]}}, {"model": "journal.video", "pk": 51, "fields": {"videoUrl": "https://www.youtube.com/embed/1Yyd2jC0YHg", "data_merge": 2, "equipe_selection": true, "tag": [26, 21, 14]}}, {"model": "journal.video", "pk": 52, "fields": {"videoUrl": "https://www.youtube.com/embed/BJhrC0hUsXU", "data_merge": 2, "equipe_selection": true, "tag": [21, 30]}}, {"model": "journal.video", "pk": 53, "fields": {"videoUrl": "https://www.youtube.com/embed/l_FEKwdMFV8", "data_merge": 2, "equipe_selection": false, "tag": [6]}}, {"model": "journal.video", "pk": 54, "fields": {"videoUrl": "https://www.youtube.com/embed/VCRZwQ_NBqk", "data_merge": 2, "equipe_selection": false, "tag": [31]}}, {"model": "journal.video", "pk": 60, "fields": {"videoUrl": "https://www.youtube.com/embed/kxqLDuGRiOM", "data_merge": 2, "equipe_selection": true, "tag": [1, 3, 21, 6]}}, {"model": "journal.video", "pk": 61, "fields": {"videoUrl": "https://www.youtube.com/embed/tQynlzJ0xvM", "data_merge": 1, "equipe_selection": true, "tag": [21]}}, {"model": "journal.video", "pk": 62, "fields": {"videoUrl": "https://www.youtube.com/embed/9wLJ3bVz5m0", "data_merge": 2, "equipe_selection": true, "tag": [26]}}, {"model": "journal.video", "pk": 63, "fields": {"videoUrl": "https://www.youtube.com/embed/fAQQtIigteU", "data_merge": 2, "equipe_selection": false, "tag": [32, 26]}}, {"model": "journal.video", "pk": 64, "fields": {"videoUrl": "https://www.youtube.com/embed/E3iaJg7U8uw", "data_merge": 2, "equipe_selection": false, "tag": [21, 4, 5]}}, {"model": "journal.video", "pk": 65, "fields": {"videoUrl": "https://www.youtube.com/embed/quvQCj0h4sw", "data_merge": 2, "equipe_selection": false, "tag": [1, 14]}}, {"model": "journal.commentaire", "pk": 9, "fields": {"nomComplet": "Anass OUJRI", "datePublication": "2018-04-24T21:43:41.589Z", "email": "anass.urh@outlook.fr", "message": "Commentaire effectu\u00e9!", "nombreLike": 1, "news": 5}}, {"model": "journal.commentaire", "pk": 10, "fields": {"nomComplet": "Anass OUJRI", "datePublication": "2018-04-24T21:45:29.820Z", "email": "anass.urh@outlook.fr", "message": "Commentaire effectu\u00e9!", "nombreLike": 0, "news": 5}}, {"model": "journal.commentaire", "pk": 11, "fields": {"nomComplet": "Achraf", "datePublication": "2018-04-24T22:01:43.769Z", "email": "achraf@outlook.fr", "message": "RIP Avivii :(", "nombreLike": 2, "news": 49}}, {"model": "journal.commentaire", "pk": 12, "fields": {"nomComplet": "Manolo zolo", "datePublication": "2018-04-24T22:05:36.316Z", "email": "manolo@gmail.com", "message": "Avicii, stylis\u00e9 \u039bVICII, de son vrai nom Tim Bergling, n\u00e9 le 8 septembre 1989 \u00e0 Stockholm et mort le 20 avril 2018 \u00e0 Mascate, est un producteur et disc jockey su\u00e9dois. Il a aussi produit des titres sous les pseudonymes de Tim Berg et Tom Hangs", "nombreLike": 10, "news": 49}}, {"model": "journal.commentaire", "pk": 15, "fields": {"nomComplet": "Muslim", "datePublication": "2018-04-25T03:27:54.554Z", "email": "muslim@muslim.ma", "message": "Go to the hell", "nombreLike": -3, "news": 49}}, {"model": "journal.commentaire", "pk": 20, "fields": {"nomComplet": "Last One", "datePublication": "2018-04-25T21:38:11.421Z", "email": "azerty10casa@outlook.fr", "message": "Sea at dolorum nominavi adipiscing, ei eam mundi legimus, sit deleniti definiebas et. Pri dicit latine reformidans ne, offendit rationibus incorrupte an qui, eum populo molestie tacimates te. Nec ea facer vituperatoribus, cu pro feugiat minimum platonem. Elit accusam ei per. Duis illum est ut.", "nombreLike": 0, "news": 49}}, {"model": "journal.commentaire", "pk": 21, "fields": {"nomComplet": "Anass OUJRI", "datePublication": "2018-04-25T21:40:45.978Z", "email": "anass.urh@outlook.fr", "message": "Third world war hahaha", "nombreLike": 0, "news": 47}}, {"model": "journal.commentaire", "pk": 22, "fields": {"nomComplet": "Last One", "datePublication": "2018-04-25T21:41:40.938Z", "email": "test@test.fr", "message": "Sit falli nonumes atomorum ex, ipsum populo iisque eum at. Sumo solet omnium eum ad, quis omnium ut ius, volumus splendide sed ad. Mea vide dicta ne, appareat patrioque has an. Wisi sale delectus eum eu, corpora salutatus no sit. Sale interesset eu per.", "nombreLike": 1, "news": 49}}, {"model": "journal.commentaire", "pk": 23, "fields": {"nomComplet": "Anass OUJRI", "datePublication": "2018-04-25T22:03:08.968Z", "email": "anass.urh@outlook.fr", "message": "Vive Real Madrid", "nombreLike": 0, "news": 16}}, {"model": "journal.commentaire", "pk": 24, "fields": {"nomComplet": "Anass OUJRI", "datePublication": "2018-04-26T18:26:07.869Z", "email": "anass.urh@outlook.fr", "message": "#Morocco2026", "nombreLike": 1, "news": 52}}, {"model": "journal.commentaire", "pk": 25, "fields": {"nomComplet": "Hamza", "datePublication": "2018-04-26T19:21:05.869Z", "email": "hamza@gmail.com", "message": "Maroc en force", "nombreLike": 3, "news": 52}}, {"model": "journal.commentaire", "pk": 26, "fields": {"nomComplet": "x", "datePublication": "2018-04-27T02:35:24.185Z", "email": "test@test.fr", "message": "Attention Trump, Kim Jong-un is comming", "nombreLike": 0, "news": 47}}, {"model": "journal.commentaire", "pk": 27, "fields": {"nomComplet": "test", "datePublication": "2018-04-28T17:13:30.242Z", "email": "test@test.fr", "message": "test", "nombreLike": 0, "news": 49}}, {"model": "journal.commentaire", "pk": 28, "fields": {"nomComplet": "Anass Oujri", "datePublication": "2018-04-30T00:59:38.713Z", "email": "anass.urh@outlook.fr", "message": "Wawe", "nombreLike": 1, "news": 42}}, {"model": "journal.commentaire", "pk": 29, "fields": {"nomComplet": "Usa", "datePublication": "2018-05-02T21:25:33.466Z", "email": "usa@gmail.com", "message": "USA 2026", "nombreLike": -1, "news": 52}}, {"model": "journal.commentaire", "pk": 30, "fields": {"nomComplet": "anass", "datePublication": "2018-05-03T17:35:46.982Z", "email": "anass.urh@outlook.fr", "message": "test logged user", "nombreLike": 0, "news": 49}}, {"model": "journal.commentaire", "pk": 31, "fields": {"nomComplet": "anass", "datePublication": "2018-05-03T23:42:36.336Z", "email": "anass.urh@outlook.fr", "message": "Island i am comming", "nombreLike": 1, "news": 10}}, {"model": "journal.commentaire", "pk": 32, "fields": {"nomComplet": "anass", "datePublication": "2018-05-04T01:48:28.910Z", "email": "anass.urh@outlook.fr", "message": "Welecome in peace", "nombreLike": 0, "news": 47}}, {"model": "journal.commentaire", "pk": 33, "fields": {"nomComplet": "anass", "datePublication": "2018-05-04T14:08:57.925Z", "email": "anass.urh@outlook.fr", "message": "good bye Facebook", "nombreLike": 0, "news": 29}}, {"model": "journal.commentaire", "pk": 34, "fields": {"nomComplet": "anass", "datePublication": "2018-05-04T15:23:55.117Z", "email": "anass.urh@outlook.fr", "message": "anass", "nombreLike": 0, "news": 29}}, {"model": "journal.commentaire", "pk": 35, "fields": {"nomComplet": "anass", "datePublication": "2018-05-04T15:26:54.073Z", "email": "anass.urh@outlook.fr", "message": "test", "nombreLike": 0, "news": 29}}, {"model": "journal.commentaire", "pk": 36, "fields": {"nomComplet": "anass", "datePublication": "2018-05-04T15:32:42.013Z", "email": "anass.urh@outlook.fr", "message": "anassgr", "nombreLike": 0, "news": 29}}, {"model": "journal.reponse", "pk": 1, "fields": {"nomComplet": "Hamza Haf", "datePublication": "2018-04-24T22:10:57.153Z", "email": "hamza@gmail.com", "message": "Great Life", "nombreLike": 2, "commentaire": 12}}, {"model": "journal.reponse", "pk": 3, "fields": {"nomComplet": "Lover", "datePublication": "2018-04-25T17:53:22.541Z", "email": "lover@outlook.fr", "message": "We well never forget ", "nombreLike": 1, "commentaire": 12}}, {"model": "journal.reponse", "pk": 4, "fields": {"nomComplet": "Grrr", "datePublication": "2018-04-25T17:58:46.380Z", "email": "test@test.fr", "message": "Loser -_-", "nombreLike": 1, "commentaire": 15}}, {"model": "journal.reponse", "pk": 6, "fields": {"nomComplet": "Grrr", "datePublication": "2018-04-25T18:07:49.458Z", "email": "test@test.fr", "message": "Loser -_-", "nombreLike": -1, "commentaire": 15}}, {"model": "journal.reponse", "pk": 7, "fields": {"nomComplet": "Anass", "datePublication": "2018-04-25T18:18:06.290Z", "email": "anass.oujri@live.fr", "message": ":'''(", "nombreLike": 0, "commentaire": 11}}, {"model": "journal.reponse", "pk": 8, "fields": {"nomComplet": "Anass", "datePublication": "2018-04-25T21:42:36.048Z", "email": "anass@x.fr", "message": "test", "nombreLike": -2, "commentaire": 22}}, {"model": "journal.reponse", "pk": 9, "fields": {"nomComplet": "Maroccain", "datePublication": "2018-04-26T19:06:46.867Z", "email": "marocain@gmail.com", "message": "Yes, we can", "nombreLike": 0, "commentaire": 24}}, {"model": "journal.reponse", "pk": 10, "fields": {"nomComplet": "Achraf", "datePublication": "2018-04-26T19:21:46.474Z", "email": "achraf@outlook.fr", "message": "Morocco you welcome", "nombreLike": 0, "commentaire": 25}}, {"model": "journal.reponse", "pk": 11, "fields": {"nomComplet": "Mouad", "datePublication": "2018-04-27T02:35:51.244Z", "email": "moncefmk02@gmail.com", "message": "hahaha", "nombreLike": 1, "commentaire": 26}}, {"model": "journal.reponse", "pk": 12, "fields": {"nomComplet": "test", "datePublication": "2018-04-30T01:00:06.520Z", "email": "test@test.fr", "message": "test", "nombreLike": -1, "commentaire": 28}}, {"model": "journal.reponse", "pk": 13, "fields": {"nomComplet": "anass", "datePublication": "2018-05-03T17:37:30.227Z", "email": "anass.urh@outlook.fr", "message": "test repondre logged user", "nombreLike": 0, "commentaire": 30}}, {"model": "journal.reponse", "pk": 14, "fields": {"nomComplet": "anass", "datePublication": "2018-05-03T23:42:54.852Z", "email": "anass.urh@outlook.fr", "message": "yes", "nombreLike": 0, "commentaire": 31}}, {"model": "journal.reponse", "pk": 15, "fields": {"nomComplet": "anass", "datePublication": "2018-05-04T01:48:38.090Z", "email": "anass.urh@outlook.fr", "message": "test", "nombreLike": 0, "commentaire": 21}}, {"model": "journal.reponse", "pk": 16, "fields": {"nomComplet": "anass", "datePublication": "2018-05-04T14:09:15.357Z", "email": "anass.urh@outlook.fr", "message": "no :'( ", "nombreLike": 0, "commentaire": 33}}, {"model": "journal.reponse", "pk": 17, "fields": {"nomComplet": "anass", "datePublication": "2018-05-04T15:37:59.527Z", "email": "anass.urh@outlook.fr", "message": "anass 2", "nombreLike": 0, "commentaire": 34}}, {"model": "journal.signalcomment", "pk": 14, "fields": {"email": "anassoujri@live.fr", "motif": "tesgsthjst", "dateEnvoi": "2018-04-25T21:42:55.030Z", "commentaire": 22}}, {"model": "journal.signalcomment", "pk": 15, "fields": {"email": "anass@x.fr", "motif": "motif test", "dateEnvoi": "2018-04-27T02:36:31.323Z", "commentaire": 26}}, {"model": "journal.signalcomment", "pk": 16, "fields": {"email": "usa@gmail.com", "motif": "Usa ", "dateEnvoi": "2018-05-02T21:25:06.271Z", "commentaire": 25}}, {"model": "journal.signalcomment", "pk": 17, "fields": {"email": "test@test.fr", "motif": "another Signal", "dateEnvoi": "2018-05-02T21:27:42.938Z", "commentaire": 15}}, {"model": "journal.signalcomment", "pk": 18, "fields": {"email": "anass.urh@outlook.fr", "motif": "test signal logged user", "dateEnvoi": "2018-05-03T17:40:24.534Z", "commentaire": 30}}, {"model": "journal.signalcomment", "pk": 19, "fields": {"email": "anass.urh@outlook.fr", "motif": "i like facebook", "dateEnvoi": "2018-05-04T14:09:27.760Z", "commentaire": 33}}, {"model": "journal.signalreponse", "pk": 5, "fields": {"email": "test@test.fr", "motif": "test", "dateEnvoi": "2018-04-26T19:22:01.585Z", "reponse": 10}}, {"model": "journal.signalreponse", "pk": 6, "fields": {"email": "test@test.fr", "motif": "insultation", "dateEnvoi": "2018-04-28T17:13:19.211Z", "reponse": 6}}, {"model": "journal.signalreponse", "pk": 7, "fields": {"email": "anass.urh@outlook.fr", "motif": "test", "dateEnvoi": "2018-04-30T01:00:23.557Z", "reponse": 12}}, {"model": "journal.newsletter", "pk": "", "fields": {}}, {"model": "journal.newsletter", "pk": "anass.oujri@live.fr", "fields": {}}, {"model": "journal.newsletter", "pk": "anass.urh@outlook.fr", "fields": {}}, {"model": "journal.commentfilter", "pk": 1, "fields": {"word": "grr"}}, {"model": "journal.commentfilter", "pk": 2, "fields": {"word": "prr"}}, {"model": "journal.commentfilter", "pk": 3, "fields": {"word": "trr"}}, {"model": "contenttypes.contenttype", "pk": 1, "fields": {"app_label": "admin", "model": "logentry"}}, {"model": "contenttypes.contenttype", "pk": 2, "fields": {"app_label": "auth", "model": "permission"}}, {"model": "contenttypes.contenttype", "pk": 3, "fields": {"app_label": "auth", "model": "group"}}, {"model": "contenttypes.contenttype", "pk": 4, "fields": {"app_label": "auth", "model": "user"}}, {"model": "contenttypes.contenttype", "pk": 5, "fields": {"app_label": "contenttypes", "model": "contenttype"}}, {"model": "contenttypes.contenttype", "pk": 6, "fields": {"app_label": "sessions", "model": "session"}}, {"model": "contenttypes.contenttype", "pk": 7, "fields": {"app_label": "journal", "model": "categorie"}}, {"model": "contenttypes.contenttype", "pk": 8, "fields": {"app_label": "journal", "model": "news"}}, {"model": "contenttypes.contenttype", "pk": 9, "fields": {"app_label": "journal", "model": "publisher"}}, {"model": "contenttypes.contenttype", "pk": 10, "fields": {"app_label": "journal", "model": "image"}}, {"model": "contenttypes.contenttype", "pk": 11, "fields": {"app_label": "journal", "model": "tag"}}, {"model": "contenttypes.contenttype", "pk": 12, "fields": {"app_label": "journal", "model": "commentaire"}}, {"model": "contenttypes.contenttype", "pk": 13, "fields": {"app_label": "journal", "model": "newsletter"}}, {"model": "contenttypes.contenttype", "pk": 14, "fields": {"app_label": "journal", "model": "video"}}, {"model": "contenttypes.contenttype", "pk": 15, "fields": {"app_label": "journal", "model": "imagevideo"}}, {"model": "contenttypes.contenttype", "pk": 16, "fields": {"app_label": "journal", "model": "reponse"}}, {"model": "contenttypes.contenttype", "pk": 17, "fields": {"app_label": "journal", "model": "signalcomment"}}, {"model": "contenttypes.contenttype", "pk": 18, "fields": {"app_label": "journal", "model": "signalreponse"}}, {"model": "contenttypes.contenttype", "pk": 19, "fields": {"app_label": "taggit", "model": "tag"}}, {"model": "contenttypes.contenttype", "pk": 20, "fields": {"app_label": "taggit", "model": "taggeditem"}}, {"model": "contenttypes.contenttype", "pk": 21, "fields": {"app_label": "main_app", "model": "image"}}, {"model": "contenttypes.contenttype", "pk": 22, "fields": {"app_label": "main_app", "model": "entreprise"}}, {"model": "contenttypes.contenttype", "pk": 23, "fields": {"app_label": "main_app", "model": "profil"}}, {"model": "contenttypes.contenttype", "pk": 24, "fields": {"app_label": "main_app", "model": "typeentreprise"}}, {"model": "contenttypes.contenttype", "pk": 25, "fields": {"app_label": "main_app", "model": "contact"}}, {"model": "contenttypes.contenttype", "pk": 26, "fields": {"app_label": "journal", "model": "commentfilter"}}, {"model": "sessions.session", "pk": "0q3g9nexgl2k71k9gme4ovpozvs5gd3j", "fields": {"session_data": "ZTdlMGI3YWZhZmE0ODhhNjAwYjgyM2JjYmZlZGFhNjQ3NGFhZWM5MTp7Il9hdXRoX3VzZXJfaWQiOiIxIiwiX2F1dGhfdXNlcl9iYWNrZW5kIjoibWFpbl9hcHAuYmFja2VuZHMuRW1haWxCYWNrZW5kIiwiX2F1dGhfdXNlcl9oYXNoIjoiMDE1MTBlMzUwODUyMzM5Y2RlOWU0Yjg5MDUxMjk0ZThmY2UzYTgzOSJ9", "expire_date": "2018-05-17T17:35:20.412Z"}}, {"model": "sessions.session", "pk": "6enpf1xj6ts3y5kr0gj7qoky9wt7sakg", "fields": {"session_data": "MmQwODg1NDNkNjhhYjI5MjBlZjkzYTdkODNmYWJmMWZjYzMxMGZmODp7Il9hdXRoX3VzZXJfaWQiOiIxIiwiX2F1dGhfdXNlcl9iYWNrZW5kIjoiZGphbmdvLmNvbnRyaWIuYXV0aC5iYWNrZW5kcy5Nb2RlbEJhY2tlbmQiLCJfYXV0aF91c2VyX2hhc2giOiIwMTUxMGUzNTA4NTIzMzljZGU5ZTRiODkwNTEyOTRlOGZjZTNhODM5In0=", "expire_date": "2018-05-08T21:35:22.730Z"}}, {"model": "sessions.session", "pk": "kykd4wg9fnrodpnpgv7vqmpey9ls23r7", "fields": {"session_data": "MmQwODg1NDNkNjhhYjI5MjBlZjkzYTdkODNmYWJmMWZjYzMxMGZmODp7Il9hdXRoX3VzZXJfaWQiOiIxIiwiX2F1dGhfdXNlcl9iYWNrZW5kIjoiZGphbmdvLmNvbnRyaWIuYXV0aC5iYWNrZW5kcy5Nb2RlbEJhY2tlbmQiLCJfYXV0aF91c2VyX2hhc2giOiIwMTUxMGUzNTA4NTIzMzljZGU5ZTRiODkwNTEyOTRlOGZjZTNhODM5In0=", "expire_date": "2018-05-11T17:48:15.976Z"}}, {"model": "sessions.session", "pk": "nrpz24iovprbakdygb45iju6cdcc06qe", "fields": {"session_data": "MmQwODg1NDNkNjhhYjI5MjBlZjkzYTdkODNmYWJmMWZjYzMxMGZmODp7Il9hdXRoX3VzZXJfaWQiOiIxIiwiX2F1dGhfdXNlcl9iYWNrZW5kIjoiZGphbmdvLmNvbnRyaWIuYXV0aC5iYWNrZW5kcy5Nb2RlbEJhY2tlbmQiLCJfYXV0aF91c2VyX2hhc2giOiIwMTUxMGUzNTA4NTIzMzljZGU5ZTRiODkwNTEyOTRlOGZjZTNhODM5In0=", "expire_date": "2018-05-03T02:26:24.901Z"}}, {"model": "sessions.session", "pk": "utzq45jkvf42hfp2w4zj8lfs86r7s3ae", "fields": {"session_data": "MmQwODg1NDNkNjhhYjI5MjBlZjkzYTdkODNmYWJmMWZjYzMxMGZmODp7Il9hdXRoX3VzZXJfaWQiOiIxIiwiX2F1dGhfdXNlcl9iYWNrZW5kIjoiZGphbmdvLmNvbnRyaWIuYXV0aC5iYWNrZW5kcy5Nb2RlbEJhY2tlbmQiLCJfYXV0aF91c2VyX2hhc2giOiIwMTUxMGUzNTA4NTIzMzljZGU5ZTRiODkwNTEyOTRlOGZjZTNhODM5In0=", "expire_date": "2018-05-01T19:12:34.350Z"}}, {"model": "sessions.session", "pk": "wi18crf7x2gd5crof5ukcmhh83s1yupp", "fields": {"session_data": "MmQwODg1NDNkNjhhYjI5MjBlZjkzYTdkODNmYWJmMWZjYzMxMGZmODp7Il9hdXRoX3VzZXJfaWQiOiIxIiwiX2F1dGhfdXNlcl9iYWNrZW5kIjoiZGphbmdvLmNvbnRyaWIuYXV0aC5iYWNrZW5kcy5Nb2RlbEJhY2tlbmQiLCJfYXV0aF91c2VyX2hhc2giOiIwMTUxMGUzNTA4NTIzMzljZGU5ZTRiODkwNTEyOTRlOGZjZTNhODM5In0=", "expire_date": "2018-05-03T00:44:52.944Z"}}, {"model": "sessions.session", "pk": "z15i44pec4xqrje6bvixeaunj40lhzu7", "fields": {"session_data": "MmQwODg1NDNkNjhhYjI5MjBlZjkzYTdkODNmYWJmMWZjYzMxMGZmODp7Il9hdXRoX3VzZXJfaWQiOiIxIiwiX2F1dGhfdXNlcl9iYWNrZW5kIjoiZGphbmdvLmNvbnRyaWIuYXV0aC5iYWNrZW5kcy5Nb2RlbEJhY2tlbmQiLCJfYXV0aF91c2VyX2hhc2giOiIwMTUxMGUzNTA4NTIzMzljZGU5ZTRiODkwNTEyOTRlOGZjZTNhODM5In0=", "expire_date": "2018-05-06T00:32:12.879Z"}}, {"model": "auth.permission", "pk": 1, "fields": {"name": "Can add log entry", "content_type": 1, "codename": "add_logentry"}}, {"model": "auth.permission", "pk": 2, "fields": {"name": "Can change log entry", "content_type": 1, "codename": "change_logentry"}}, {"model": "auth.permission", "pk": 3, "fields": {"name": "Can delete log entry", "content_type": 1, "codename": "delete_logentry"}}, {"model": "auth.permission", "pk": 4, "fields": {"name": "Can add permission", "content_type": 2, "codename": "add_permission"}}, {"model": "auth.permission", "pk": 5, "fields": {"name": "Can change permission", "content_type": 2, "codename": "change_permission"}}, {"model": "auth.permission", "pk": 6, "fields": {"name": "Can delete permission", "content_type": 2, "codename": "delete_permission"}}, {"model": "auth.permission", "pk": 7, "fields": {"name": "Can add group", "content_type": 3, "codename": "add_group"}}, {"model": "auth.permission", "pk": 8, "fields": {"name": "Can change group", "content_type": 3, "codename": "change_group"}}, {"model": "auth.permission", "pk": 9, "fields": {"name": "Can delete group", "content_type": 3, "codename": "delete_group"}}, {"model": "auth.permission", "pk": 10, "fields": {"name": "Can add user", "content_type": 4, "codename": "add_user"}}, {"model": "auth.permission", "pk": 11, "fields": {"name": "Can change user", "content_type": 4, "codename": "change_user"}}, {"model": "auth.permission", "pk": 12, "fields": {"name": "Can delete user", "content_type": 4, "codename": "delete_user"}}, {"model": "auth.permission", "pk": 13, "fields": {"name": "Can add content type", "content_type": 5, "codename": "add_contenttype"}}, {"model": "auth.permission", "pk": 14, "fields": {"name": "Can change content type", "content_type": 5, "codename": "change_contenttype"}}, {"model": "auth.permission", "pk": 15, "fields": {"name": "Can delete content type", "content_type": 5, "codename": "delete_contenttype"}}, {"model": "auth.permission", "pk": 16, "fields": {"name": "Can add session", "content_type": 6, "codename": "add_session"}}, {"model": "auth.permission", "pk": 17, "fields": {"name": "Can change session", "content_type": 6, "codename": "change_session"}}, {"model": "auth.permission", "pk": 18, "fields": {"name": "Can delete session", "content_type": 6, "codename": "delete_session"}}, {"model": "auth.permission", "pk": 19, "fields": {"name": "Can add categorie", "content_type": 7, "codename": "add_categorie"}}, {"model": "auth.permission", "pk": 20, "fields": {"name": "Can change categorie", "content_type": 7, "codename": "change_categorie"}}, {"model": "auth.permission", "pk": 21, "fields": {"name": "Can delete categorie", "content_type": 7, "codename": "delete_categorie"}}, {"model": "auth.permission", "pk": 22, "fields": {"name": "Can add news", "content_type": 8, "codename": "add_news"}}, {"model": "auth.permission", "pk": 23, "fields": {"name": "Can change news", "content_type": 8, "codename": "change_news"}}, {"model": "auth.permission", "pk": 24, "fields": {"name": "Can delete news", "content_type": 8, "codename": "delete_news"}}, {"model": "auth.permission", "pk": 25, "fields": {"name": "Can add publisher", "content_type": 9, "codename": "add_publisher"}}, {"model": "auth.permission", "pk": 26, "fields": {"name": "Can change publisher", "content_type": 9, "codename": "change_publisher"}}, {"model": "auth.permission", "pk": 27, "fields": {"name": "Can delete publisher", "content_type": 9, "codename": "delete_publisher"}}, {"model": "auth.permission", "pk": 28, "fields": {"name": "Can add image", "content_type": 10, "codename": "add_image"}}, {"model": "auth.permission", "pk": 29, "fields": {"name": "Can change image", "content_type": 10, "codename": "change_image"}}, {"model": "auth.permission", "pk": 30, "fields": {"name": "Can delete image", "content_type": 10, "codename": "delete_image"}}, {"model": "auth.permission", "pk": 31, "fields": {"name": "Can add tag", "content_type": 11, "codename": "add_tag"}}, {"model": "auth.permission", "pk": 32, "fields": {"name": "Can change tag", "content_type": 11, "codename": "change_tag"}}, {"model": "auth.permission", "pk": 33, "fields": {"name": "Can delete tag", "content_type": 11, "codename": "delete_tag"}}, {"model": "auth.permission", "pk": 34, "fields": {"name": "Can add commentaire", "content_type": 12, "codename": "add_commentaire"}}, {"model": "auth.permission", "pk": 35, "fields": {"name": "Can change commentaire", "content_type": 12, "codename": "change_commentaire"}}, {"model": "auth.permission", "pk": 36, "fields": {"name": "Can delete commentaire", "content_type": 12, "codename": "delete_commentaire"}}, {"model": "auth.permission", "pk": 37, "fields": {"name": "Can add newslatter", "content_type": 13, "codename": "add_newslatter"}}, {"model": "auth.permission", "pk": 38, "fields": {"name": "Can change newslatter", "content_type": 13, "codename": "change_newslatter"}}, {"model": "auth.permission", "pk": 39, "fields": {"name": "Can delete newslatter", "content_type": 13, "codename": "delete_newslatter"}}, {"model": "auth.permission", "pk": 40, "fields": {"name": "Can add video", "content_type": 14, "codename": "add_video"}}, {"model": "auth.permission", "pk": 41, "fields": {"name": "Can change video", "content_type": 14, "codename": "change_video"}}, {"model": "auth.permission", "pk": 42, "fields": {"name": "Can delete video", "content_type": 14, "codename": "delete_video"}}, {"model": "auth.permission", "pk": 43, "fields": {"name": "Can add image video", "content_type": 15, "codename": "add_imagevideo"}}, {"model": "auth.permission", "pk": 44, "fields": {"name": "Can change image video", "content_type": 15, "codename": "change_imagevideo"}}, {"model": "auth.permission", "pk": 45, "fields": {"name": "Can delete image video", "content_type": 15, "codename": "delete_imagevideo"}}, {"model": "auth.permission", "pk": 46, "fields": {"name": "Can add reponse", "content_type": 16, "codename": "add_reponse"}}, {"model": "auth.permission", "pk": 47, "fields": {"name": "Can change reponse", "content_type": 16, "codename": "change_reponse"}}, {"model": "auth.permission", "pk": 48, "fields": {"name": "Can delete reponse", "content_type": 16, "codename": "delete_reponse"}}, {"model": "auth.permission", "pk": 49, "fields": {"name": "Can add signal comment", "content_type": 17, "codename": "add_signalcomment"}}, {"model": "auth.permission", "pk": 50, "fields": {"name": "Can change signal comment", "content_type": 17, "codename": "change_signalcomment"}}, {"model": "auth.permission", "pk": 51, "fields": {"name": "Can delete signal comment", "content_type": 17, "codename": "delete_signalcomment"}}, {"model": "auth.permission", "pk": 52, "fields": {"name": "Can add signal reponse", "content_type": 18, "codename": "add_signalreponse"}}, {"model": "auth.permission", "pk": 53, "fields": {"name": "Can change signal reponse", "content_type": 18, "codename": "change_signalreponse"}}, {"model": "auth.permission", "pk": 54, "fields": {"name": "Can delete signal reponse", "content_type": 18, "codename": "delete_signalreponse"}}, {"model": "auth.permission", "pk": 55, "fields": {"name": "Can add Tag", "content_type": 19, "codename": "add_tag"}}, {"model": "auth.permission", "pk": 56, "fields": {"name": "Can change Tag", "content_type": 19, "codename": "change_tag"}}, {"model": "auth.permission", "pk": 57, "fields": {"name": "Can delete Tag", "content_type": 19, "codename": "delete_tag"}}, {"model": "auth.permission", "pk": 58, "fields": {"name": "Can add Tagged Item", "content_type": 20, "codename": "add_taggeditem"}}, {"model": "auth.permission", "pk": 59, "fields": {"name": "Can change Tagged Item", "content_type": 20, "codename": "change_taggeditem"}}, {"model": "auth.permission", "pk": 60, "fields": {"name": "Can delete Tagged Item", "content_type": 20, "codename": "delete_taggeditem"}}, {"model": "auth.permission", "pk": 61, "fields": {"name": "Can add image", "content_type": 21, "codename": "add_image"}}, {"model": "auth.permission", "pk": 62, "fields": {"name": "Can change image", "content_type": 21, "codename": "change_image"}}, {"model": "auth.permission", "pk": 63, "fields": {"name": "Can delete image", "content_type": 21, "codename": "delete_image"}}, {"model": "auth.permission", "pk": 64, "fields": {"name": "Can add entreprise", "content_type": 22, "codename": "add_entreprise"}}, {"model": "auth.permission", "pk": 65, "fields": {"name": "Can change entreprise", "content_type": 22, "codename": "change_entreprise"}}, {"model": "auth.permission", "pk": 66, "fields": {"name": "Can delete entreprise", "content_type": 22, "codename": "delete_entreprise"}}, {"model": "auth.permission", "pk": 67, "fields": {"name": "Can add profil", "content_type": 23, "codename": "add_profil"}}, {"model": "auth.permission", "pk": 68, "fields": {"name": "Can change profil", "content_type": 23, "codename": "change_profil"}}, {"model": "auth.permission", "pk": 69, "fields": {"name": "Can delete profil", "content_type": 23, "codename": "delete_profil"}}, {"model": "auth.permission", "pk": 70, "fields": {"name": "Can add type entreprise", "content_type": 24, "codename": "add_typeentreprise"}}, {"model": "auth.permission", "pk": 71, "fields": {"name": "Can change type entreprise", "content_type": 24, "codename": "change_typeentreprise"}}, {"model": "auth.permission", "pk": 72, "fields": {"name": "Can delete type entreprise", "content_type": 24, "codename": "delete_typeentreprise"}}, {"model": "auth.permission", "pk": 73, "fields": {"name": "Can add contact", "content_type": 25, "codename": "add_contact"}}, {"model": "auth.permission", "pk": 74, "fields": {"name": "Can change contact", "content_type": 25, "codename": "change_contact"}}, {"model": "auth.permission", "pk": 75, "fields": {"name": "Can delete contact", "content_type": 25, "codename": "delete_contact"}}, {"model": "auth.permission", "pk": 76, "fields": {"name": "Can add comment filter", "content_type": 26, "codename": "add_commentfilter"}}, {"model": "auth.permission", "pk": 77, "fields": {"name": "Can change comment filter", "content_type": 26, "codename": "change_commentfilter"}}, {"model": "auth.permission", "pk": 78, "fields": {"name": "Can delete comment filter", "content_type": 26, "codename": "delete_commentfilter"}}, {"model": "auth.permission", "pk": 79, "fields": {"name": "Can add newsletter", "content_type": 13, "codename": "add_newsletter"}}, {"model": "auth.permission", "pk": 80, "fields": {"name": "Can change newsletter", "content_type": 13, "codename": "change_newsletter"}}, {"model": "auth.permission", "pk": 81, "fields": {"name": "Can delete newsletter", "content_type": 13, "codename": "delete_newsletter"}}, {"model": "auth.user", "pk": 1, "fields": {"password": "pbkdf2_sha256$100000$NQmEGmpzBGWn$wtkwBCby/wGfROOgmJkhkQ3LYQBuGTP/gzAu+vZ2CJ0=", "last_login": "2018-05-03T17:35:20.409Z", "is_superuser": true, "username": "anass", "first_name": "Anass", "last_name": "OUJRI", "email": "anass.urh@outlook.fr", "is_staff": true, "is_active": true, "date_joined": "2018-04-16T14:57:34Z", "groups": [], "user_permissions": []}}, {"model": "auth.user", "pk": 2, "fields": {"password": "casacasa5", "last_login": null, "is_superuser": false, "username": "achraf", "first_name": "Achraf", "last_name": "ACH", "email": "achraf@outlook.fr", "is_staff": false, "is_active": false, "date_joined": "2018-05-02T23:21:17.485Z", "groups": [], "user_permissions": []}}, {"model": "auth.user", "pk": 3, "fields": {"password": "casacasa5", "last_login": null, "is_superuser": false, "username": "ach", "first_name": "Achraf", "last_name": "ACH", "email": "anass.oujri@live.fr", "is_staff": false, "is_active": true, "date_joined": "2018-05-02T23:24:59.910Z", "groups": [], "user_permissions": []}}, {"model": "admin.logentry", "pk": 1, "fields": {"action_time": "2018-04-17T19:15:22.327Z", "user": 1, "content_type": 7, "object_id": "1", "object_repr": "News", "action_flag": 1, "change_message": "[{\"added\": {}}]"}}, {"model": "admin.logentry", "pk": 2, "fields": {"action_time": "2018-04-17T19:15:58.837Z", "user": 1, "content_type": 7, "object_id": "2", "object_repr": "Sports", "action_flag": 1, "change_message": "[{\"added\": {}}]"}}, {"model": "admin.logentry", "pk": 3, "fields": {"action_time": "2018-04-17T19:16:37.552Z", "user": 1, "content_type": 7, "object_id": "3", "object_repr": "Politique", "action_flag": 1, "change_message": "[{\"added\": {}}]"}}, {"model": "admin.logentry", "pk": 4, "fields": {"action_time": "2018-04-17T19:17:08.789Z", "user": 1, "content_type": 7, "object_id": "4", "object_repr": "Style de vie", "action_flag": 1, "change_message": "[{\"added\": {}}]"}}, {"model": "admin.logentry", "pk": 5, "fields": {"action_time": "2018-04-17T19:17:49.012Z", "user": 1, "content_type": 7, "object_id": "5", "object_repr": "Mode", "action_flag": 1, "change_message": "[{\"added\": {}}]"}}, {"model": "admin.logentry", "pk": 6, "fields": {"action_time": "2018-04-17T19:18:21.289Z", "user": 1, "content_type": 7, "object_id": "6", "object_repr": "Musique", "action_flag": 1, "change_message": "[{\"added\": {}}]"}}, {"model": "admin.logentry", "pk": 7, "fields": {"action_time": "2018-04-19T00:47:38.925Z", "user": 1, "content_type": 7, "object_id": "7", "object_repr": "\u00c9lectronique", "action_flag": 1, "change_message": "[{\"added\": {}}]"}}, {"model": "admin.logentry", "pk": 8, "fields": {"action_time": "2018-04-19T00:48:00.835Z", "user": 1, "content_type": 8, "object_id": "1", "object_repr": "Amazon\u2019s Apple Watch killer will be free and sell you everything", "action_flag": 1, "change_message": "[{\"added\": {}}]"}}, {"model": "admin.logentry", "pk": 9, "fields": {"action_time": "2018-04-19T00:49:14.412Z", "user": 1, "content_type": 8, "object_id": "2", "object_repr": "Traveling Tends to Magnify All Human Emotions", "action_flag": 1, "change_message": "[{\"added\": {}}]"}}, {"model": "admin.logentry", "pk": 10, "fields": {"action_time": "2018-04-19T00:53:59.690Z", "user": 1, "content_type": 8, "object_id": "3", "object_repr": "Intel claims new SSD 750 drives are its fastest ever", "action_flag": 1, "change_message": "[{\"added\": {}}]"}}, {"model": "admin.logentry", "pk": 11, "fields": {"action_time": "2018-04-19T01:08:18.857Z", "user": 1, "content_type": 10, "object_id": "6", "object_repr": "uploads/images/main3.jpg", "action_flag": 3, "change_message": ""}}, {"model": "admin.logentry", "pk": 12, "fields": {"action_time": "2018-04-19T01:08:19.002Z", "user": 1, "content_type": 10, "object_id": "5", "object_repr": "uploads/images/main2.jpg", "action_flag": 3, "change_message": ""}}, {"model": "admin.logentry", "pk": 13, "fields": {"action_time": "2018-04-19T01:08:19.135Z", "user": 1, "content_type": 10, "object_id": "3", "object_repr": "uploads/images/westworld_0o3UAYb.jpg", "action_flag": 3, "change_message": ""}}, {"model": "admin.logentry", "pk": 14, "fields": {"action_time": "2018-04-19T01:08:19.289Z", "user": 1, "content_type": 10, "object_id": "2", "object_repr": "uploads/images/westworld.jpg", "action_flag": 3, "change_message": ""}}, {"model": "admin.logentry", "pk": 15, "fields": {"action_time": "2018-04-19T01:08:19.402Z", "user": 1, "content_type": 10, "object_id": "1", "object_repr": "uploads/images/westworld.jpg", "action_flag": 3, "change_message": ""}}, {"model": "admin.logentry", "pk": 16, "fields": {"action_time": "2018-04-19T01:12:14.684Z", "user": 1, "content_type": 8, "object_id": "1", "object_repr": "Amazon\u2019s Apple Watch killer will be free and sell you everything", "action_flag": 2, "change_message": "[{\"changed\": {\"fields\": [\"imagePrincipale\"]}}]"}}, {"model": "admin.logentry", "pk": 17, "fields": {"action_time": "2018-04-19T01:12:50.279Z", "user": 1, "content_type": 8, "object_id": "4", "object_repr": "Intel claims new SSD 750 drives are its fastest ever", "action_flag": 1, "change_message": "[{\"added\": {}}]"}}, {"model": "admin.logentry", "pk": 18, "fields": {"action_time": "2018-04-19T01:13:20.573Z", "user": 1, "content_type": 8, "object_id": "5", "object_repr": "Traveling Tends to Magnify All Human Emotions", "action_flag": 1, "change_message": "[{\"added\": {}}]"}}, {"model": "admin.logentry", "pk": 19, "fields": {"action_time": "2018-04-19T02:27:21.803Z", "user": 1, "content_type": 7, "object_id": "6", "object_repr": "Musique", "action_flag": 2, "change_message": "[{\"changed\": {\"fields\": [\"icon\"]}}]"}}, {"model": "admin.logentry", "pk": 20, "fields": {"action_time": "2018-04-19T02:27:53.607Z", "user": 1, "content_type": 7, "object_id": "7", "object_repr": "\u00c9lectronique", "action_flag": 2, "change_message": "[{\"changed\": {\"fields\": [\"icon\"]}}]"}}, {"model": "admin.logentry", "pk": 21, "fields": {"action_time": "2018-04-19T02:28:13.575Z", "user": 1, "content_type": 7, "object_id": "5", "object_repr": "Mode", "action_flag": 2, "change_message": "[{\"changed\": {\"fields\": [\"icon\"]}}]"}}, {"model": "admin.logentry", "pk": 22, "fields": {"action_time": "2018-04-19T02:28:38.889Z", "user": 1, "content_type": 7, "object_id": "4", "object_repr": "Style de vie", "action_flag": 2, "change_message": "[{\"changed\": {\"fields\": [\"icon\"]}}]"}}, {"model": "admin.logentry", "pk": 23, "fields": {"action_time": "2018-04-19T02:29:06.485Z", "user": 1, "content_type": 7, "object_id": "3", "object_repr": "Politique", "action_flag": 2, "change_message": "[{\"changed\": {\"fields\": [\"icon\"]}}]"}}, {"model": "admin.logentry", "pk": 24, "fields": {"action_time": "2018-04-19T02:30:06.952Z", "user": 1, "content_type": 7, "object_id": "2", "object_repr": "Sports", "action_flag": 2, "change_message": "[{\"changed\": {\"fields\": [\"icon\"]}}]"}}, {"model": "admin.logentry", "pk": 25, "fields": {"action_time": "2018-04-19T02:30:47.043Z", "user": 1, "content_type": 7, "object_id": "8", "object_repr": "Economique", "action_flag": 1, "change_message": "[{\"added\": {}}]"}}, {"model": "admin.logentry", "pk": 26, "fields": {"action_time": "2018-04-19T02:34:14.833Z", "user": 1, "content_type": 8, "object_id": "4", "object_repr": "Intel claims new SSD 750 drives are its fastest ever", "action_flag": 2, "change_message": "[{\"changed\": {\"fields\": [\"categorie\"]}}]"}}, {"model": "admin.logentry", "pk": 27, "fields": {"action_time": "2018-04-19T02:34:26.187Z", "user": 1, "content_type": 8, "object_id": "1", "object_repr": "Amazon\u2019s Apple Watch killer will be free and sell you everything", "action_flag": 2, "change_message": "[{\"changed\": {\"fields\": [\"categorie\"]}}]"}}, {"model": "admin.logentry", "pk": 28, "fields": {"action_time": "2018-04-19T02:35:10.872Z", "user": 1, "content_type": 7, "object_id": "1", "object_repr": "News", "action_flag": 2, "change_message": "[{\"changed\": {\"fields\": [\"icon\"]}}]"}}, {"model": "admin.logentry", "pk": 29, "fields": {"action_time": "2018-04-19T02:35:19.957Z", "user": 1, "content_type": 7, "object_id": "7", "object_repr": "\u00c9lectronique", "action_flag": 3, "change_message": ""}}, {"model": "admin.logentry", "pk": 30, "fields": {"action_time": "2018-04-19T02:35:20.097Z", "user": 1, "content_type": 7, "object_id": "6", "object_repr": "Musique", "action_flag": 3, "change_message": ""}}, {"model": "admin.logentry", "pk": 31, "fields": {"action_time": "2018-04-20T02:20:54.093Z", "user": 1, "content_type": 10, "object_id": "9", "object_repr": "uploads/images/lifestyle8.jpg", "action_flag": 1, "change_message": "[{\"added\": {}}]"}}, {"model": "admin.logentry", "pk": 32, "fields": {"action_time": "2018-04-20T02:21:33.961Z", "user": 1, "content_type": 11, "object_id": "1", "object_repr": "Style de vie", "action_flag": 1, "change_message": "[{\"added\": {}}]"}}, {"model": "admin.logentry", "pk": 33, "fields": {"action_time": "2018-04-20T02:22:57.644Z", "user": 1, "content_type": 11, "object_id": "2", "object_repr": "Entreprise", "action_flag": 1, "change_message": "[{\"added\": {}}]"}}, {"model": "admin.logentry", "pk": 34, "fields": {"action_time": "2018-04-20T02:23:24.124Z", "user": 1, "content_type": 11, "object_id": "3", "object_repr": "Sant\u00e9 et forme", "action_flag": 1, "change_message": "[{\"added\": {}}]"}}, {"model": "admin.logentry", "pk": 35, "fields": {"action_time": "2018-04-20T02:27:17.712Z", "user": 1, "content_type": 11, "object_id": "4", "object_repr": "Recettes", "action_flag": 1, "change_message": "[{\"added\": {}}]"}}, {"model": "admin.logentry", "pk": 36, "fields": {"action_time": "2018-04-20T02:27:24.157Z", "user": 1, "content_type": 11, "object_id": "5", "object_repr": "Voyage", "action_flag": 1, "change_message": "[{\"added\": {}}]"}}, {"model": "admin.logentry", "pk": 37, "fields": {"action_time": "2018-04-20T02:27:33.935Z", "user": 1, "content_type": 8, "object_id": "6", "object_repr": "Things you may have missed over the weekend", "action_flag": 1, "change_message": "[{\"added\": {}}]"}}, {"model": "admin.logentry", "pk": 38, "fields": {"action_time": "2018-04-20T02:32:08.476Z", "user": 1, "content_type": 10, "object_id": "10", "object_repr": "uploads/images/60.jpg", "action_flag": 1, "change_message": "[{\"added\": {}}]"}}, {"model": "admin.logentry", "pk": 39, "fields": {"action_time": "2018-04-20T02:32:20.783Z", "user": 1, "content_type": 8, "object_id": "7", "object_repr": "The dangers of eating too much restaurant food", "action_flag": 1, "change_message": "[{\"added\": {}}]"}}, {"model": "admin.logentry", "pk": 40, "fields": {"action_time": "2018-04-20T02:33:19.466Z", "user": 1, "content_type": 10, "object_id": "11", "object_repr": "uploads/images/61.jpg", "action_flag": 1, "change_message": "[{\"added\": {}}]"}}, {"model": "admin.logentry", "pk": 41, "fields": {"action_time": "2018-04-20T02:33:31.424Z", "user": 1, "content_type": 8, "object_id": "8", "object_repr": "10 Superfoods That Lower Cholesterol", "action_flag": 1, "change_message": "[{\"added\": {}}]"}}, {"model": "admin.logentry", "pk": 42, "fields": {"action_time": "2018-04-20T02:34:25.256Z", "user": 1, "content_type": 10, "object_id": "12", "object_repr": "uploads/images/62.jpg", "action_flag": 1, "change_message": "[{\"added\": {}}]"}}, {"model": "admin.logentry", "pk": 43, "fields": {"action_time": "2018-04-20T02:34:27.800Z", "user": 1, "content_type": 8, "object_id": "9", "object_repr": "The Secret To Living 200 Years? Just Ask A Whale", "action_flag": 1, "change_message": "[{\"added\": {}}]"}}, {"model": "admin.logentry", "pk": 44, "fields": {"action_time": "2018-04-20T02:36:27.799Z", "user": 1, "content_type": 10, "object_id": "13", "object_repr": "uploads/images/lifestyle4.jpg", "action_flag": 1, "change_message": "[{\"added\": {}}]"}}, {"model": "admin.logentry", "pk": 45, "fields": {"action_time": "2018-04-20T02:36:32.282Z", "user": 1, "content_type": 8, "object_id": "10", "object_repr": "Three reasons why you should visit the island", "action_flag": 1, "change_message": "[{\"added\": {}}]"}}, {"model": "admin.logentry", "pk": 46, "fields": {"action_time": "2018-04-20T02:42:42.792Z", "user": 1, "content_type": 11, "object_id": "6", "object_repr": "Sport", "action_flag": 1, "change_message": "[{\"added\": {}}]"}}, {"model": "admin.logentry", "pk": 47, "fields": {"action_time": "2018-04-20T02:43:13.957Z", "user": 1, "content_type": 10, "object_id": "14", "object_repr": "uploads/images/lifestyle7.jpg", "action_flag": 1, "change_message": "[{\"added\": {}}]"}}, {"model": "admin.logentry", "pk": 48, "fields": {"action_time": "2018-04-20T02:43:16.385Z", "user": 1, "content_type": 8, "object_id": "11", "object_repr": "A taste of what we like this week at Cook", "action_flag": 1, "change_message": "[{\"added\": {}}]"}}, {"model": "admin.logentry", "pk": 49, "fields": {"action_time": "2018-04-20T02:43:52.263Z", "user": 1, "content_type": 10, "object_id": "15", "object_repr": "uploads/images/lifestyle6.jpg", "action_flag": 1, "change_message": "[{\"added\": {}}]"}}, {"model": "admin.logentry", "pk": 50, "fields": {"action_time": "2018-04-20T02:44:12.392Z", "user": 1, "content_type": 8, "object_id": "12", "object_repr": "Caramelized onions and yogurt recipe apple", "action_flag": 1, "change_message": "[{\"added\": {}}]"}}, {"model": "admin.logentry", "pk": 51, "fields": {"action_time": "2018-04-20T02:44:52.674Z", "user": 1, "content_type": 10, "object_id": "16", "object_repr": "uploads/images/lifestyle5.jpg", "action_flag": 1, "change_message": "[{\"added\": {}}]"}}, {"model": "admin.logentry", "pk": 52, "fields": {"action_time": "2018-04-20T02:45:09.463Z", "user": 1, "content_type": 8, "object_id": "13", "object_repr": "Health star ratings Kellogg reveals the cereal", "action_flag": 1, "change_message": "[{\"added\": {}}]"}}, {"model": "admin.logentry", "pk": 53, "fields": {"action_time": "2018-04-20T02:48:37.330Z", "user": 1, "content_type": 11, "object_id": "1", "object_repr": "Style de vie", "action_flag": 2, "change_message": "[{\"changed\": {\"fields\": [\"color\"]}}]"}}, {"model": "admin.logentry", "pk": 54, "fields": {"action_time": "2018-04-20T02:49:07.048Z", "user": 1, "content_type": 11, "object_id": "2", "object_repr": "Entreprise", "action_flag": 2, "change_message": "[{\"changed\": {\"fields\": [\"color\"]}}]"}}, {"model": "admin.logentry", "pk": 55, "fields": {"action_time": "2018-04-20T02:49:26.933Z", "user": 1, "content_type": 11, "object_id": "3", "object_repr": "Sant\u00e9 et forme", "action_flag": 2, "change_message": "[{\"changed\": {\"fields\": [\"color\"]}}]"}}, {"model": "admin.logentry", "pk": 56, "fields": {"action_time": "2018-04-20T02:49:42.440Z", "user": 1, "content_type": 11, "object_id": "4", "object_repr": "Recettes", "action_flag": 2, "change_message": "[{\"changed\": {\"fields\": [\"color\"]}}]"}}, {"model": "admin.logentry", "pk": 57, "fields": {"action_time": "2018-04-20T02:50:00.631Z", "user": 1, "content_type": 11, "object_id": "5", "object_repr": "Voyage", "action_flag": 2, "change_message": "[{\"changed\": {\"fields\": [\"color\"]}}]"}}, {"model": "admin.logentry", "pk": 58, "fields": {"action_time": "2018-04-20T03:08:49.721Z", "user": 1, "content_type": 7, "object_id": "4", "object_repr": "Style de vie", "action_flag": 2, "change_message": "[{\"changed\": {\"fields\": [\"Tab id\"]}}]"}}, {"model": "admin.logentry", "pk": 59, "fields": {"action_time": "2018-04-20T03:52:59.442Z", "user": 1, "content_type": 7, "object_id": "8", "object_repr": "Economie", "action_flag": 2, "change_message": "[{\"changed\": {\"fields\": [\"name\"]}}]"}}, {"model": "admin.logentry", "pk": 60, "fields": {"action_time": "2018-04-20T04:01:57.697Z", "user": 1, "content_type": 9, "object_id": "1", "object_repr": "OUJRI Anass", "action_flag": 1, "change_message": "[{\"added\": {}}]"}}, {"model": "admin.logentry", "pk": 61, "fields": {"action_time": "2018-04-20T04:03:08.978Z", "user": 1, "content_type": 11, "object_id": "7", "object_repr": "Tennis", "action_flag": 1, "change_message": "[{\"added\": {}}]"}}, {"model": "admin.logentry", "pk": 62, "fields": {"action_time": "2018-04-20T04:03:37.461Z", "user": 1, "content_type": 10, "object_id": "17", "object_repr": "uploads/images/8549213a769d2900c2bc075f46a948a7699a3048.jpg", "action_flag": 1, "change_message": "[{\"added\": {}}]"}}, {"model": "admin.logentry", "pk": 63, "fields": {"action_time": "2018-04-20T04:03:48.535Z", "user": 1, "content_type": 8, "object_id": "14", "object_repr": "Tennis: Nadal et Thiem ont rendez-vous, Djokovic en progr\u00e8s", "action_flag": 1, "change_message": "[{\"added\": {}}]"}}, {"model": "admin.logentry", "pk": 64, "fields": {"action_time": "2018-04-20T04:05:04.699Z", "user": 1, "content_type": 10, "object_id": "18", "object_repr": "uploads/images/manchester_city.jpg", "action_flag": 1, "change_message": "[{\"added\": {}}]"}}, {"model": "admin.logentry", "pk": 65, "fields": {"action_time": "2018-04-20T04:05:46.002Z", "user": 1, "content_type": 11, "object_id": "8", "object_repr": "Football", "action_flag": 1, "change_message": "[{\"added\": {}}]"}}, {"model": "admin.logentry", "pk": 66, "fields": {"action_time": "2018-04-20T04:05:52.079Z", "user": 1, "content_type": 8, "object_id": "15", "object_repr": "Football : Manchester City sacr\u00e9 champion d'Angleterre apr\u00e8s une saison de r\u00eave", "action_flag": 1, "change_message": "[{\"added\": {}}]"}}, {"model": "admin.logentry", "pk": 67, "fields": {"action_time": "2018-04-20T04:06:33.643Z", "user": 1, "content_type": 10, "object_id": "19", "object_repr": "uploads/images/football-tirage-demi-finales-c1-ligue-champions-bayern-real-madrid-liverpool-roma.jpg", "action_flag": 1, "change_message": "[{\"added\": {}}]"}}, {"model": "admin.logentry", "pk": 68, "fields": {"action_time": "2018-04-20T04:07:11.257Z", "user": 1, "content_type": 11, "object_id": "9", "object_repr": "Ligue des champions", "action_flag": 1, "change_message": "[{\"added\": {}}]"}}, {"model": "admin.logentry", "pk": 69, "fields": {"action_time": "2018-04-20T04:07:17.419Z", "user": 1, "content_type": 8, "object_id": "16", "object_repr": "Ligue des champions : Bayern - Real et Liverpool - AS Roma au programme des demies", "action_flag": 1, "change_message": "[{\"added\": {}}]"}}, {"model": "admin.logentry", "pk": 70, "fields": {"action_time": "2018-04-20T04:08:33.212Z", "user": 1, "content_type": 10, "object_id": "20", "object_repr": "uploads/images/6adb6ebbb0d48a2be94f227f85c48cbff7481d15.jpg", "action_flag": 1, "change_message": "[{\"added\": {}}]"}}, {"model": "admin.logentry", "pk": 71, "fields": {"action_time": "2018-04-20T04:08:36.692Z", "user": 1, "content_type": 8, "object_id": "17", "object_repr": "Turquie: l'entra\u00eeneur de Besiktas bless\u00e9 pendant le derby contre Fenerbah\u00e7e", "action_flag": 1, "change_message": "[{\"added\": {}}]"}}, {"model": "admin.logentry", "pk": 72, "fields": {"action_time": "2018-04-20T04:09:16.131Z", "user": 1, "content_type": 10, "object_id": "21", "object_repr": "uploads/images/bc22cf0e6708c1c07f8f09545250eec7204b2b84.jpg", "action_flag": 1, "change_message": "[{\"added\": {}}]"}}, {"model": "admin.logentry", "pk": 73, "fields": {"action_time": "2018-04-20T04:09:29.891Z", "user": 1, "content_type": 11, "object_id": "10", "object_repr": "Rugby", "action_flag": 1, "change_message": "[{\"added\": {}}]"}}, {"model": "admin.logentry", "pk": 74, "fields": {"action_time": "2018-04-20T04:09:35.108Z", "user": 1, "content_type": 8, "object_id": "18", "object_repr": "Rugby: Joseph manquera la tourn\u00e9e anglaise en Afrique du Sud", "action_flag": 1, "change_message": "[{\"added\": {}}]"}}, {"model": "admin.logentry", "pk": 75, "fields": {"action_time": "2018-04-20T04:10:11.759Z", "user": 1, "content_type": 10, "object_id": "22", "object_repr": "uploads/images/943a1fc069992a743d8d9caa9b36decf90bc1178.jpg", "action_flag": 1, "change_message": "[{\"added\": {}}]"}}, {"model": "admin.logentry", "pk": 76, "fields": {"action_time": "2018-04-20T04:10:21.347Z", "user": 1, "content_type": 8, "object_id": "19", "object_repr": "Tennis: Djokovic \u00e0 Barcelone ou Budapest la semaine prochaine", "action_flag": 1, "change_message": "[{\"added\": {}}]"}}, {"model": "admin.logentry", "pk": 77, "fields": {"action_time": "2018-04-20T04:11:22.493Z", "user": 1, "content_type": 10, "object_id": "23", "object_repr": "uploads/images/psg_20.jpg", "action_flag": 1, "change_message": "[{\"added\": {}}]"}}, {"model": "admin.logentry", "pk": 78, "fields": {"action_time": "2018-04-20T04:11:30.832Z", "user": 1, "content_type": 8, "object_id": "20", "object_repr": "Ligue 1 : le PSG s'offre son 7e titre de champion de France en \u00e9crasant Monaco 7-1", "action_flag": 1, "change_message": "[{\"added\": {}}]"}}, {"model": "admin.logentry", "pk": 79, "fields": {"action_time": "2018-04-20T04:13:36.235Z", "user": 1, "content_type": 10, "object_id": "24", "object_repr": "uploads/images/000_1429wb.jpg", "action_flag": 1, "change_message": "[{\"added\": {}}]"}}, {"model": "admin.logentry", "pk": 80, "fields": {"action_time": "2018-04-20T04:14:01.875Z", "user": 1, "content_type": 11, "object_id": "11", "object_repr": "Afrique", "action_flag": 1, "change_message": "[{\"added\": {}}]"}}, {"model": "admin.logentry", "pk": 81, "fields": {"action_time": "2018-04-20T04:14:05.732Z", "user": 1, "content_type": 8, "object_id": "21", "object_repr": "Afrique du Sud : l'athl\u00e8te fran\u00e7ais David Bellet-Brissaud dispara\u00eet myst\u00e9rieusement \u00e0 Port Elizabeth", "action_flag": 1, "change_message": "[{\"added\": {}}]"}}, {"model": "admin.logentry", "pk": 82, "fields": {"action_time": "2018-04-20T04:18:28.707Z", "user": 1, "content_type": 7, "object_id": "2", "object_repr": "Sports", "action_flag": 2, "change_message": "[{\"changed\": {\"fields\": [\"tabHome\"]}}]"}}, {"model": "admin.logentry", "pk": 83, "fields": {"action_time": "2018-04-20T04:25:04.387Z", "user": 1, "content_type": 7, "object_id": "3", "object_repr": "ECO/TECH", "action_flag": 2, "change_message": "[{\"changed\": {\"fields\": [\"name\", \"description\", \"icon\", \"tabHome\"]}}]"}}, {"model": "admin.logentry", "pk": 84, "fields": {"action_time": "2018-04-20T04:28:54.286Z", "user": 1, "content_type": 10, "object_id": "25", "object_repr": "uploads/images/dims.jpg", "action_flag": 1, "change_message": "[{\"added\": {}}]"}}, {"model": "admin.logentry", "pk": 85, "fields": {"action_time": "2018-04-20T04:30:11.004Z", "user": 1, "content_type": 11, "object_id": "12", "object_repr": "Facebook", "action_flag": 1, "change_message": "[{\"added\": {}}]"}}, {"model": "admin.logentry", "pk": 86, "fields": {"action_time": "2018-04-20T04:30:37.003Z", "user": 1, "content_type": 11, "object_id": "13", "object_repr": "Russie", "action_flag": 1, "change_message": "[{\"added\": {}}]"}}, {"model": "admin.logentry", "pk": 87, "fields": {"action_time": "2018-04-20T04:30:40.426Z", "user": 1, "content_type": 8, "object_id": "22", "object_repr": "La Russie s'enlise dans le blocage de Telegram", "action_flag": 1, "change_message": "[{\"added\": {}}]"}}, {"model": "admin.logentry", "pk": 88, "fields": {"action_time": "2018-04-20T04:31:22.344Z", "user": 1, "content_type": 10, "object_id": "26", "object_repr": "uploads/images/facebook-nouveaux-parametres.jpeg", "action_flag": 1, "change_message": "[{\"added\": {}}]"}}, {"model": "admin.logentry", "pk": 89, "fields": {"action_time": "2018-04-20T04:31:30.888Z", "user": 1, "content_type": 8, "object_id": "23", "object_repr": "Facebook : nouveaux param\u00e8tres de confidentialit\u00e9 pour les utilisateurs d'Europe", "action_flag": 1, "change_message": "[{\"added\": {}}]"}}, {"model": "admin.logentry", "pk": 90, "fields": {"action_time": "2018-04-20T04:32:28.959Z", "user": 1, "content_type": 11, "object_id": "14", "object_repr": "\u00c9tats-Unis", "action_flag": 1, "change_message": "[{\"added\": {}}]"}}, {"model": "admin.logentry", "pk": 91, "fields": {"action_time": "2018-04-20T04:32:58.833Z", "user": 1, "content_type": 10, "object_id": "27", "object_repr": "uploads/images/cyberattack-170418.jpeg", "action_flag": 1, "change_message": "[{\"added\": {}}]"}}, {"model": "admin.logentry", "pk": 92, "fields": {"action_time": "2018-04-20T04:33:01.525Z", "user": 1, "content_type": 8, "object_id": "24", "object_repr": "Washington et Londres d\u00e9noncent une \"cyberactivit\u00e9 malveillante\" de la Russie", "action_flag": 1, "change_message": "[{\"added\": {}}]"}}, {"model": "admin.logentry", "pk": 93, "fields": {"action_time": "2018-04-20T04:33:56.293Z", "user": 1, "content_type": 11, "object_id": "15", "object_repr": "Technologie", "action_flag": 1, "change_message": "[{\"added\": {}}]"}}, {"model": "admin.logentry", "pk": 94, "fields": {"action_time": "2018-04-20T04:35:09.745Z", "user": 1, "content_type": 10, "object_id": "28", "object_repr": "uploads/images/strikes_france_sncf.jpg", "action_flag": 1, "change_message": "[{\"added\": {}}]"}}, {"model": "admin.logentry", "pk": 95, "fields": {"action_time": "2018-04-20T04:35:11.901Z", "user": 1, "content_type": 8, "object_id": "25", "object_repr": "Air France, SNCF, universit\u00e9s : les mouvements sociaux se poursuivent en France", "action_flag": 1, "change_message": "[{\"added\": {}}]"}}, {"model": "admin.logentry", "pk": 96, "fields": {"action_time": "2018-04-20T04:35:52.877Z", "user": 1, "content_type": 10, "object_id": "29", "object_repr": "uploads/images/main_kissoro_masseka.jpg", "action_flag": 1, "change_message": "[{\"added\": {}}]"}}, {"model": "admin.logentry", "pk": 97, "fields": {"action_time": "2018-04-20T04:36:22.523Z", "user": 1, "content_type": 11, "object_id": "16", "object_repr": "Jeux vid\u00e9o", "action_flag": 1, "change_message": "[{\"added\": {}}]"}}, {"model": "admin.logentry", "pk": 98, "fields": {"action_time": "2018-04-20T04:36:27.440Z", "user": 1, "content_type": 8, "object_id": "26", "object_repr": "Awal\u00e9, Empire songha\u00ef, Massa\u00ef... Masseka game studios veut faire entrer l'Afrique dans le jeu vid\u00e9o", "action_flag": 1, "change_message": "[{\"added\": {}}]"}}, {"model": "admin.logentry", "pk": 99, "fields": {"action_time": "2018-04-20T04:37:09.364Z", "user": 1, "content_type": 10, "object_id": "30", "object_repr": "uploads/images/rsz_000_m93le.jpg", "action_flag": 1, "change_message": "[{\"added\": {}}]"}}, {"model": "admin.logentry", "pk": 100, "fields": {"action_time": "2018-04-20T04:37:50.413Z", "user": 1, "content_type": 11, "object_id": "17", "object_repr": "R\u00e9seaux sociaux", "action_flag": 1, "change_message": "[{\"added\": {}}]"}}, {"model": "admin.logentry", "pk": 101, "fields": {"action_time": "2018-04-20T04:38:18.411Z", "user": 1, "content_type": 11, "object_id": "18", "object_repr": "Snapchat", "action_flag": 1, "change_message": "[{\"added\": {}}]"}}, {"model": "admin.logentry", "pk": 102, "fields": {"action_time": "2018-04-20T04:38:23.046Z", "user": 1, "content_type": 8, "object_id": "27", "object_repr": "Mauvaise passe pour Snapchat, l\u00e2ch\u00e9 par les stars", "action_flag": 1, "change_message": "[{\"added\": {}}]"}}, {"model": "admin.logentry", "pk": 103, "fields": {"action_time": "2018-04-20T04:39:20.043Z", "user": 1, "content_type": 8, "object_id": "28", "object_repr": "Facebook : Mark Zuckerberg s'excuse pour ses \"erreurs\" devant le S\u00e9nat am\u00e9ricain", "action_flag": 1, "change_message": "[{\"added\": {}}]"}}, {"model": "admin.logentry", "pk": 104, "fields": {"action_time": "2018-04-20T04:41:14.116Z", "user": 1, "content_type": 10, "object_id": "31", "object_repr": "uploads/images/090418-facebook-cambridge-m.jpg", "action_flag": 1, "change_message": "[{\"added\": {}}]"}}, {"model": "admin.logentry", "pk": 105, "fields": {"action_time": "2018-04-20T04:41:31.831Z", "user": 1, "content_type": 11, "object_id": "19", "object_repr": "Internet", "action_flag": 1, "change_message": "[{\"added\": {}}]"}}, {"model": "admin.logentry", "pk": 106, "fields": {"action_time": "2018-04-20T04:41:41.094Z", "user": 1, "content_type": 8, "object_id": "29", "object_repr": "Facebook     Internet     Cambridge Analytica  Economie Le scandale Facebook ne s\u2019arr\u00eate pas au cas de Cambridge Analytica", "action_flag": 1, "change_message": "[{\"added\": {}}]"}}, {"model": "admin.logentry", "pk": 107, "fields": {"action_time": "2018-04-20T04:43:25.007Z", "user": 1, "content_type": 7, "object_id": "3", "object_repr": "Technologie", "action_flag": 2, "change_message": "[{\"changed\": {\"fields\": [\"name\", \"description\", \"tabHome\"]}}]"}}, {"model": "admin.logentry", "pk": 108, "fields": {"action_time": "2018-04-20T17:29:38.066Z", "user": 1, "content_type": 8, "object_id": "29", "object_repr": "Facebook     Internet     Cambridge Analytica  Economie Le scandale Facebook ne s\u2019arr\u00eate pas au cas de Cambridge Analytica", "action_flag": 2, "change_message": "[{\"changed\": {\"fields\": [\"smallTitre\"]}}]"}}, {"model": "admin.logentry", "pk": 109, "fields": {"action_time": "2018-04-20T17:30:46.798Z", "user": 1, "content_type": 8, "object_id": "28", "object_repr": "Facebook : Mark Zuckerberg s'excuse pour ses \"erreurs\" devant le S\u00e9nat am\u00e9ricain", "action_flag": 2, "change_message": "[{\"changed\": {\"fields\": [\"smallTitre\"]}}]"}}, {"model": "admin.logentry", "pk": 110, "fields": {"action_time": "2018-04-20T17:31:16.326Z", "user": 1, "content_type": 8, "object_id": "26", "object_repr": "Awal\u00e9, Empire songha\u00ef, Massa\u00ef... Masseka game studios veut faire entrer l'Afrique dans le jeu vid\u00e9o", "action_flag": 2, "change_message": "[{\"changed\": {\"fields\": [\"smallTitre\"]}}]"}}, {"model": "admin.logentry", "pk": 111, "fields": {"action_time": "2018-04-20T17:32:28.778Z", "user": 1, "content_type": 8, "object_id": "25", "object_repr": "Air France, SNCF, universit\u00e9s : les mouvements sociaux se poursuivent en France", "action_flag": 2, "change_message": "[{\"changed\": {\"fields\": [\"smallTitre\"]}}]"}}, {"model": "admin.logentry", "pk": 112, "fields": {"action_time": "2018-04-20T17:33:11.227Z", "user": 1, "content_type": 8, "object_id": "21", "object_repr": "Afrique du Sud : l'athl\u00e8te fran\u00e7ais David Bellet-Brissaud dispara\u00eet myst\u00e9rieusement \u00e0 Port Elizabeth", "action_flag": 2, "change_message": "[{\"changed\": {\"fields\": [\"smallTitre\"]}}]"}}, {"model": "admin.logentry", "pk": 113, "fields": {"action_time": "2018-04-20T17:33:33.061Z", "user": 1, "content_type": 8, "object_id": "17", "object_repr": "Turquie: l'entra\u00eeneur de Besiktas bless\u00e9 pendant le derby contre Fenerbah\u00e7e", "action_flag": 2, "change_message": "[{\"changed\": {\"fields\": [\"smallTitre\"]}}]"}}, {"model": "admin.logentry", "pk": 114, "fields": {"action_time": "2018-04-20T17:33:55.100Z", "user": 1, "content_type": 8, "object_id": "20", "object_repr": "Ligue 1 : le PSG s'offre son 7e titre de champion de France en \u00e9crasant Monaco 7-1", "action_flag": 2, "change_message": "[{\"changed\": {\"fields\": [\"smallTitre\"]}}]"}}, {"model": "admin.logentry", "pk": 115, "fields": {"action_time": "2018-04-20T17:34:17.225Z", "user": 1, "content_type": 8, "object_id": "14", "object_repr": "Tennis: Nadal et Thiem ont rendez-vous, Djokovic en progr\u00e8s", "action_flag": 2, "change_message": "[{\"changed\": {\"fields\": [\"smallTitre\"]}}]"}}, {"model": "admin.logentry", "pk": 116, "fields": {"action_time": "2018-04-20T17:34:33.100Z", "user": 1, "content_type": 8, "object_id": "15", "object_repr": "Football : Manchester City sacr\u00e9 champion d'Angleterre apr\u00e8s une saison de r\u00eave", "action_flag": 2, "change_message": "[{\"changed\": {\"fields\": [\"smallTitre\"]}}]"}}, {"model": "admin.logentry", "pk": 117, "fields": {"action_time": "2018-04-20T17:34:57.393Z", "user": 1, "content_type": 8, "object_id": "16", "object_repr": "Ligue des champions : Bayern - Real et Liverpool - AS Roma au programme des demies", "action_flag": 2, "change_message": "[{\"changed\": {\"fields\": [\"smallTitre\"]}}]"}}, {"model": "admin.logentry", "pk": 118, "fields": {"action_time": "2018-04-20T17:42:35.215Z", "user": 1, "content_type": 8, "object_id": "27", "object_repr": "Mauvaise passe pour Snapchat, l\u00e2ch\u00e9 par les stars", "action_flag": 2, "change_message": "[{\"changed\": {\"fields\": [\"smallTitre\"]}}]"}}, {"model": "admin.logentry", "pk": 119, "fields": {"action_time": "2018-04-20T17:43:08.578Z", "user": 1, "content_type": 8, "object_id": "24", "object_repr": "Washington et Londres d\u00e9noncent une \"cyberactivit\u00e9 malveillante\" de la Russie", "action_flag": 2, "change_message": "[{\"changed\": {\"fields\": [\"smallTitre\"]}}]"}}, {"model": "admin.logentry", "pk": 120, "fields": {"action_time": "2018-04-20T17:43:27.760Z", "user": 1, "content_type": 8, "object_id": "23", "object_repr": "Facebook : nouveaux param\u00e8tres de confidentialit\u00e9 pour les utilisateurs d'Europe", "action_flag": 2, "change_message": "[{\"changed\": {\"fields\": [\"smallTitre\"]}}]"}}, {"model": "admin.logentry", "pk": 121, "fields": {"action_time": "2018-04-20T17:43:39.859Z", "user": 1, "content_type": 8, "object_id": "22", "object_repr": "La Russie s'enlise dans le blocage de Telegram", "action_flag": 2, "change_message": "[{\"changed\": {\"fields\": [\"smallTitre\"]}}]"}}, {"model": "admin.logentry", "pk": 122, "fields": {"action_time": "2018-04-20T17:44:14.092Z", "user": 1, "content_type": 8, "object_id": "19", "object_repr": "Tennis: Djokovic \u00e0 Barcelone ou Budapest la semaine prochaine", "action_flag": 2, "change_message": "[{\"changed\": {\"fields\": [\"smallTitre\"]}}]"}}, {"model": "admin.logentry", "pk": 123, "fields": {"action_time": "2018-04-20T17:44:30.248Z", "user": 1, "content_type": 8, "object_id": "18", "object_repr": "Rugby: Joseph manquera la tourn\u00e9e anglaise en Afrique du Sud", "action_flag": 2, "change_message": "[{\"changed\": {\"fields\": [\"smallTitre\"]}}]"}}, {"model": "admin.logentry", "pk": 124, "fields": {"action_time": "2018-04-20T17:45:05.870Z", "user": 1, "content_type": 8, "object_id": "13", "object_repr": "Health star ratings Kellogg reveals the cereal", "action_flag": 2, "change_message": "[{\"changed\": {\"fields\": [\"smallTitre\"]}}]"}}, {"model": "admin.logentry", "pk": 125, "fields": {"action_time": "2018-04-20T17:45:17.434Z", "user": 1, "content_type": 8, "object_id": "12", "object_repr": "Caramelized onions and yogurt recipe apple", "action_flag": 2, "change_message": "[{\"changed\": {\"fields\": [\"smallTitre\"]}}]"}}, {"model": "admin.logentry", "pk": 126, "fields": {"action_time": "2018-04-20T17:45:28.837Z", "user": 1, "content_type": 8, "object_id": "11", "object_repr": "A taste of what we like this week at Cook", "action_flag": 2, "change_message": "[{\"changed\": {\"fields\": [\"smallTitre\"]}}]"}}, {"model": "admin.logentry", "pk": 127, "fields": {"action_time": "2018-04-20T17:45:40.350Z", "user": 1, "content_type": 8, "object_id": "10", "object_repr": "Three reasons why you should visit the island", "action_flag": 2, "change_message": "[{\"changed\": {\"fields\": [\"smallTitre\"]}}]"}}, {"model": "admin.logentry", "pk": 128, "fields": {"action_time": "2018-04-20T17:46:02.091Z", "user": 1, "content_type": 8, "object_id": "9", "object_repr": "The Secret To Living 200 Years? Just Ask A Whale", "action_flag": 2, "change_message": "[{\"changed\": {\"fields\": [\"smallTitre\"]}}]"}}, {"model": "admin.logentry", "pk": 129, "fields": {"action_time": "2018-04-20T17:46:19.385Z", "user": 1, "content_type": 8, "object_id": "8", "object_repr": "10 Superfoods That Lower Cholesterol", "action_flag": 2, "change_message": "[{\"changed\": {\"fields\": [\"smallTitre\"]}}]"}}, {"model": "admin.logentry", "pk": 130, "fields": {"action_time": "2018-04-20T17:46:31.549Z", "user": 1, "content_type": 8, "object_id": "7", "object_repr": "The dangers of eating too much restaurant food", "action_flag": 2, "change_message": "[{\"changed\": {\"fields\": [\"smallTitre\"]}}]"}}, {"model": "admin.logentry", "pk": 131, "fields": {"action_time": "2018-04-20T17:46:44.514Z", "user": 1, "content_type": 8, "object_id": "6", "object_repr": "Things you may have missed over the weekend", "action_flag": 2, "change_message": "[{\"changed\": {\"fields\": [\"smallTitre\"]}}]"}}, {"model": "admin.logentry", "pk": 132, "fields": {"action_time": "2018-04-20T17:47:48.097Z", "user": 1, "content_type": 8, "object_id": "5", "object_repr": "Traveling Tends to Magnify All Human Emotions", "action_flag": 2, "change_message": "[{\"changed\": {\"fields\": [\"smallTitre\", \"tag\"]}}]"}}, {"model": "admin.logentry", "pk": 133, "fields": {"action_time": "2018-04-20T17:48:35.995Z", "user": 1, "content_type": 8, "object_id": "4", "object_repr": "Intel claims new SSD 750 drives are its fastest ever", "action_flag": 2, "change_message": "[{\"changed\": {\"fields\": [\"smallTitre\", \"tag\"]}}]"}}, {"model": "admin.logentry", "pk": 134, "fields": {"action_time": "2018-04-20T17:48:51.159Z", "user": 1, "content_type": 8, "object_id": "1", "object_repr": "Amazon\u2019s Apple Watch killer will be free and sell you everything", "action_flag": 2, "change_message": "[{\"changed\": {\"fields\": [\"tag\"]}}]"}}, {"model": "admin.logentry", "pk": 135, "fields": {"action_time": "2018-04-20T17:57:21.415Z", "user": 1, "content_type": 10, "object_id": "33", "object_repr": "uploads/images/siam_2018.jpg", "action_flag": 1, "change_message": "[{\"added\": {}}]"}}, {"model": "admin.logentry", "pk": 136, "fields": {"action_time": "2018-04-20T17:58:00.571Z", "user": 1, "content_type": 11, "object_id": "20", "object_repr": "agricultur", "action_flag": 1, "change_message": "[{\"added\": {}}]"}}, {"model": "admin.logentry", "pk": 137, "fields": {"action_time": "2018-04-20T17:58:13.457Z", "user": 1, "content_type": 11, "object_id": "21", "object_repr": "Maroc", "action_flag": 1, "change_message": "[{\"added\": {}}]"}}, {"model": "admin.logentry", "pk": 138, "fields": {"action_time": "2018-04-20T17:58:33.908Z", "user": 1, "content_type": 11, "object_id": "22", "object_repr": "France", "action_flag": 1, "change_message": "[{\"added\": {}}]"}}, {"model": "admin.logentry", "pk": 139, "fields": {"action_time": "2018-04-20T17:58:39.880Z", "user": 1, "content_type": 8, "object_id": "30", "object_repr": "IAM 2018: un pavillon pour exposer l\u2019expertise fran\u00e7aise", "action_flag": 1, "change_message": "[{\"added\": {}}]"}}, {"model": "admin.logentry", "pk": 140, "fields": {"action_time": "2018-04-20T17:59:25.835Z", "user": 1, "content_type": 10, "object_id": "34", "object_repr": "uploads/images/bmce.jpeg", "action_flag": 1, "change_message": "[{\"added\": {}}]"}}, {"model": "admin.logentry", "pk": 141, "fields": {"action_time": "2018-04-20T17:59:50.905Z", "user": 1, "content_type": 11, "object_id": "23", "object_repr": "Bank", "action_flag": 1, "change_message": "[{\"added\": {}}]"}}, {"model": "admin.logentry", "pk": 142, "fields": {"action_time": "2018-04-20T18:00:18.319Z", "user": 1, "content_type": 8, "object_id": "31", "object_repr": "Environnement. Economie circulaire: BMCE Bank of Africa lance \"CapValoris\"", "action_flag": 1, "change_message": "[{\"added\": {}}]"}}, {"model": "admin.logentry", "pk": 143, "fields": {"action_time": "2018-04-20T18:01:19.742Z", "user": 1, "content_type": 10, "object_id": "35", "object_repr": "uploads/images/photos-usine-tanger_1.jpg", "action_flag": 1, "change_message": "[{\"added\": {}}]"}}, {"model": "admin.logentry", "pk": 144, "fields": {"action_time": "2018-04-20T18:01:41.249Z", "user": 1, "content_type": 8, "object_id": "32", "object_repr": "La Banque mondiale pr\u00e9conise un nouveau mod\u00e8le de croissance pour le Maroc", "action_flag": 1, "change_message": "[{\"added\": {}}]"}}, {"model": "admin.logentry", "pk": 145, "fields": {"action_time": "2018-04-20T18:02:33.102Z", "user": 1, "content_type": 11, "object_id": "21", "object_repr": "Maroc", "action_flag": 2, "change_message": "[{\"changed\": {\"fields\": [\"color\"]}}]"}}, {"model": "admin.logentry", "pk": 146, "fields": {"action_time": "2018-04-20T18:02:44.699Z", "user": 1, "content_type": 11, "object_id": "20", "object_repr": "Agriculture", "action_flag": 2, "change_message": "[{\"changed\": {\"fields\": [\"name\"]}}]"}}, {"model": "admin.logentry", "pk": 147, "fields": {"action_time": "2018-04-20T18:02:57.651Z", "user": 1, "content_type": 11, "object_id": "23", "object_repr": "Banque", "action_flag": 2, "change_message": "[{\"changed\": {\"fields\": [\"name\"]}}]"}}, {"model": "admin.logentry", "pk": 148, "fields": {"action_time": "2018-04-20T18:04:10.601Z", "user": 1, "content_type": 11, "object_id": "24", "object_repr": "Economie", "action_flag": 1, "change_message": "[{\"added\": {}}]"}}, {"model": "admin.logentry", "pk": 149, "fields": {"action_time": "2018-04-20T18:04:38.692Z", "user": 1, "content_type": 8, "object_id": "30", "object_repr": "IAM 2018: un pavillon pour exposer l\u2019expertise fran\u00e7aise", "action_flag": 2, "change_message": "[{\"changed\": {\"fields\": [\"tag\"]}}]"}}, {"model": "admin.logentry", "pk": 150, "fields": {"action_time": "2018-04-20T18:05:42.162Z", "user": 1, "content_type": 8, "object_id": "31", "object_repr": "Environnement. Economie circulaire: BMCE Bank of Africa lance \"CapValoris\"", "action_flag": 2, "change_message": "[{\"changed\": {\"fields\": [\"tag\"]}}]"}}, {"model": "admin.logentry", "pk": 151, "fields": {"action_time": "2018-04-20T18:05:54.693Z", "user": 1, "content_type": 8, "object_id": "32", "object_repr": "La Banque mondiale pr\u00e9conise un nouveau mod\u00e8le de croissance pour le Maroc", "action_flag": 2, "change_message": "[{\"changed\": {\"fields\": [\"tag\"]}}]"}}, {"model": "admin.logentry", "pk": 152, "fields": {"action_time": "2018-04-20T18:06:47.807Z", "user": 1, "content_type": 10, "object_id": "36", "object_repr": "uploads/images/ue__0.jpg", "action_flag": 1, "change_message": "[{\"added\": {}}]"}}, {"model": "admin.logentry", "pk": 153, "fields": {"action_time": "2018-04-20T18:07:36.280Z", "user": 1, "content_type": 11, "object_id": "25", "object_repr": "Union europ\u00e9enne", "action_flag": 1, "change_message": "[{\"added\": {}}]"}}, {"model": "admin.logentry", "pk": 154, "fields": {"action_time": "2018-04-20T18:07:47.331Z", "user": 1, "content_type": 8, "object_id": "33", "object_repr": "Diapo. Rabat. Accord de p\u00eache Maroc-UE: les premi\u00e8res images du d\u00e9marrage des n\u00e9gociations", "action_flag": 1, "change_message": "[{\"added\": {}}]"}}, {"model": "admin.logentry", "pk": 155, "fields": {"action_time": "2018-04-20T18:08:41.651Z", "user": 1, "content_type": 10, "object_id": "37", "object_repr": "uploads/images/airbnb-1084x52900.jpg", "action_flag": 1, "change_message": "[{\"added\": {}}]"}}, {"model": "admin.logentry", "pk": 156, "fields": {"action_time": "2018-04-20T18:09:09.083Z", "user": 1, "content_type": 8, "object_id": "34", "object_repr": "Airbnb et Booking.com bient\u00f4t tax\u00e9s au Maroc: voici ce qui va changer pour les utilisateurs", "action_flag": 1, "change_message": "[{\"added\": {}}]"}}, {"model": "admin.logentry", "pk": 157, "fields": {"action_time": "2018-04-20T18:11:13.200Z", "user": 1, "content_type": 10, "object_id": "38", "object_repr": "uploads/images/banque_mondiale.jpg", "action_flag": 1, "change_message": "[{\"added\": {}}]"}}, {"model": "admin.logentry", "pk": 158, "fields": {"action_time": "2018-04-20T18:11:39.128Z", "user": 1, "content_type": 11, "object_id": "26", "object_repr": "Internationnal", "action_flag": 1, "change_message": "[{\"added\": {}}]"}}, {"model": "admin.logentry", "pk": 159, "fields": {"action_time": "2018-04-20T18:11:44.170Z", "user": 1, "content_type": 8, "object_id": "35", "object_repr": "Afrique subsaharienne: la banque mondiale prevoit 31 de croissance en 2018", "action_flag": 1, "change_message": "[{\"added\": {}}]"}}, {"model": "admin.logentry", "pk": 160, "fields": {"action_time": "2018-04-20T18:12:22.820Z", "user": 1, "content_type": 10, "object_id": "39", "object_repr": "uploads/images/moisson-champ-16-2016-gace-france_0_1398_931.jpg", "action_flag": 1, "change_message": "[{\"added\": {}}]"}}, {"model": "admin.logentry", "pk": 161, "fields": {"action_time": "2018-04-20T18:12:37.167Z", "user": 1, "content_type": 8, "object_id": "36", "object_repr": "C\u00e9r\u00e9ales: la campagne agricole d\u00e9finitivement sauv\u00e9e", "action_flag": 1, "change_message": "[{\"added\": {}}]"}}, {"model": "admin.logentry", "pk": 162, "fields": {"action_time": "2018-04-20T18:13:50.130Z", "user": 1, "content_type": 10, "object_id": "40", "object_repr": "uploads/images/casablanca_twin_center_morocco_ricardo_bofill_taller_arquitectura_03.jpg", "action_flag": 1, "change_message": "[{\"added\": {}}]"}}, {"model": "admin.logentry", "pk": 163, "fields": {"action_time": "2018-04-20T18:14:00.798Z", "user": 1, "content_type": 8, "object_id": "37", "object_repr": "Casablanca pr\u00e9pare la restructuration de son administration fiscale", "action_flag": 1, "change_message": "[{\"added\": {}}]"}}, {"model": "admin.logentry", "pk": 164, "fields": {"action_time": "2018-04-20T18:17:26.590Z", "user": 1, "content_type": 7, "object_id": "8", "object_repr": "Economie", "action_flag": 2, "change_message": "[{\"changed\": {\"fields\": [\"tabHome\"]}}]"}}, {"model": "admin.logentry", "pk": 165, "fields": {"action_time": "2018-04-20T23:48:57.692Z", "user": 1, "content_type": 10, "object_id": "41", "object_repr": "uploads/images/migrants-algerie_1.jpg.png", "action_flag": 1, "change_message": "[{\"added\": {}}]"}}, {"model": "admin.logentry", "pk": 166, "fields": {"action_time": "2018-04-20T23:49:20.720Z", "user": 1, "content_type": 8, "object_id": "38", "object_repr": "Alg\u00e9rie. Migration: le Mali rappelle son ambassadeur et son consul g\u00e9n\u00e9ral", "action_flag": 1, "change_message": "[{\"added\": {}}]"}}, {"model": "admin.logentry", "pk": 167, "fields": {"action_time": "2018-04-20T23:50:22.314Z", "user": 1, "content_type": 10, "object_id": "42", "object_repr": "uploads/images/subsahariens-agresses.jpg", "action_flag": 1, "change_message": "[{\"added\": {}}]"}}, {"model": "admin.logentry", "pk": 168, "fields": {"action_time": "2018-04-20T23:50:35.370Z", "user": 1, "content_type": 8, "object_id": "39", "object_repr": "Alg\u00e9rie: les autorit\u00e9s spectatrices des viols en s\u00e9rie de Subsahariennes \u00e0 Oran", "action_flag": 1, "change_message": "[{\"added\": {}}]"}}, {"model": "admin.logentry", "pk": 169, "fields": {"action_time": "2018-04-20T23:51:28.440Z", "user": 1, "content_type": 10, "object_id": "43", "object_repr": "uploads/images/vieille_bombe_allemagne.jpg", "action_flag": 1, "change_message": "[{\"added\": {}}]"}}, {"model": "admin.logentry", "pk": 170, "fields": {"action_time": "2018-04-20T23:51:38.433Z", "user": 1, "content_type": 8, "object_id": "40", "object_repr": "Allemagne. \u00c9vacuation massive \u00e0 Berlin pour d\u00e9samorcer une bombe britannique", "action_flag": 1, "change_message": "[{\"added\": {}}]"}}, {"model": "admin.logentry", "pk": 171, "fields": {"action_time": "2018-04-20T23:52:41.052Z", "user": 1, "content_type": 11, "object_id": "27", "object_repr": "Palestine", "action_flag": 1, "change_message": "[{\"added\": {}}]"}}, {"model": "admin.logentry", "pk": 172, "fields": {"action_time": "2018-04-20T23:53:02.039Z", "user": 1, "content_type": 10, "object_id": "44", "object_repr": "uploads/images/cerf_volant_palestine.jpg", "action_flag": 1, "change_message": "[{\"added\": {}}]"}}, {"model": "admin.logentry", "pk": 173, "fields": {"action_time": "2018-04-20T23:53:06.772Z", "user": 1, "content_type": 8, "object_id": "41", "object_repr": "Palestine. Quand le cerf-volant devient une arme de contestation", "action_flag": 1, "change_message": "[{\"added\": {}}]"}}, {"model": "admin.logentry", "pk": 174, "fields": {"action_time": "2018-04-20T23:54:02.612Z", "user": 1, "content_type": 10, "object_id": "45", "object_repr": "uploads/images/mugabe-grace.jpg", "action_flag": 1, "change_message": "[{\"added\": {}}]"}}, {"model": "admin.logentry", "pk": 175, "fields": {"action_time": "2018-04-20T23:54:13.210Z", "user": 1, "content_type": 8, "object_id": "42", "object_repr": "Zimbabwe: Mugabe convoqu\u00e9 pour la disparition de 15 milliards de dollars de diamants", "action_flag": 1, "change_message": "[{\"added\": {}}]"}}, {"model": "admin.logentry", "pk": 176, "fields": {"action_time": "2018-04-20T23:55:09.360Z", "user": 1, "content_type": 10, "object_id": "46", "object_repr": "uploads/images/corruption.jpg", "action_flag": 1, "change_message": "[{\"added\": {}}]"}}, {"model": "admin.logentry", "pk": 177, "fields": {"action_time": "2018-04-20T23:55:22.690Z", "user": 1, "content_type": 8, "object_id": "43", "object_repr": "Cameroun: le gouvernement veut redynamiser la lutte contre la corruption", "action_flag": 1, "change_message": "[{\"added\": {}}]"}}, {"model": "admin.logentry", "pk": 178, "fields": {"action_time": "2018-04-20T23:56:15.058Z", "user": 1, "content_type": 10, "object_id": "47", "object_repr": "uploads/images/policiers_arabie_2.jpg", "action_flag": 1, "change_message": "[{\"added\": {}}]"}}, {"model": "admin.logentry", "pk": 179, "fields": {"action_time": "2018-04-20T23:56:21.612Z", "user": 1, "content_type": 8, "object_id": "44", "object_repr": "Arabie Saoudite. Quatre policiers abattus par des hommes arm\u00e9s", "action_flag": 1, "change_message": "[{\"added\": {}}]"}}, {"model": "admin.logentry", "pk": 180, "fields": {"action_time": "2018-04-20T23:57:41.400Z", "user": 1, "content_type": 10, "object_id": "48", "object_repr": "uploads/images/noueuse.jpeg", "action_flag": 1, "change_message": "[{\"added\": {}}]"}}, {"model": "admin.logentry", "pk": 181, "fields": {"action_time": "2018-04-20T23:57:46.837Z", "user": 1, "content_type": 8, "object_id": "45", "object_repr": "Prison \u00e0 vie pour la \"nounou tueuse\" qui a inspir\u00e9 \"Chanson douce\" \u00e0 Le\u00efla Slimani", "action_flag": 1, "change_message": "[{\"added\": {}}]"}}, {"model": "admin.logentry", "pk": 182, "fields": {"action_time": "2018-04-20T23:58:31.623Z", "user": 1, "content_type": 10, "object_id": "49", "object_repr": "uploads/images/imam_salafiste_marseille.jpg", "action_flag": 1, "change_message": "[{\"added\": {}}]"}}, {"model": "admin.logentry", "pk": 183, "fields": {"action_time": "2018-04-20T23:58:39.737Z", "user": 1, "content_type": 8, "object_id": "46", "object_repr": "France. Un imam salafiste connu pour ses pr\u00eaches radicaux expuls\u00e9 vers l'Alg\u00e9rie", "action_flag": 1, "change_message": "[{\"added\": {}}]"}}, {"model": "admin.logentry", "pk": 184, "fields": {"action_time": "2018-04-21T00:04:07.833Z", "user": 1, "content_type": 7, "object_id": "5", "object_repr": "Internationnal", "action_flag": 2, "change_message": "[{\"changed\": {\"fields\": [\"name\", \"icon\", \"tabHome\"]}}]"}}, {"model": "admin.logentry", "pk": 185, "fields": {"action_time": "2018-04-21T01:34:36.897Z", "user": 1, "content_type": 8, "object_id": "1", "object_repr": "Amazon\u2019s Apple Watch killer will be free and sell you everything", "action_flag": 2, "change_message": "[{\"changed\": {\"fields\": [\"smallTitre\"]}}]"}}, {"model": "admin.logentry", "pk": 186, "fields": {"action_time": "2018-04-21T02:41:11.053Z", "user": 1, "content_type": 7, "object_id": "1", "object_repr": "News", "action_flag": 2, "change_message": "[{\"changed\": {\"fields\": [\"tabHome\"]}}]"}}, {"model": "admin.logentry", "pk": 187, "fields": {"action_time": "2018-04-21T03:22:09.816Z", "user": 1, "content_type": 10, "object_id": "50", "object_repr": "uploads/images/_100972004_gettyimages-842418008.jpg", "action_flag": 1, "change_message": "[{\"added\": {}}]"}}, {"model": "admin.logentry", "pk": 188, "fields": {"action_time": "2018-04-21T03:22:20.691Z", "user": 1, "content_type": 8, "object_id": "47", "object_repr": "North Korea 'halts missile and nuclear tests', says Kim Jong-un", "action_flag": 1, "change_message": "[{\"added\": {}}]"}}, {"model": "admin.logentry", "pk": 189, "fields": {"action_time": "2018-04-21T03:23:21.027Z", "user": 1, "content_type": 10, "object_id": "51", "object_repr": "uploads/images/_100341863_gettyimages-916050890.jpg", "action_flag": 1, "change_message": "[{\"added\": {}}]"}}, {"model": "admin.logentry", "pk": 190, "fields": {"action_time": "2018-04-21T03:23:51.220Z", "user": 1, "content_type": 11, "object_id": "28", "object_repr": "North Korea", "action_flag": 1, "change_message": "[{\"added\": {}}]"}}, {"model": "admin.logentry", "pk": 191, "fields": {"action_time": "2018-04-21T03:23:55.775Z", "user": 1, "content_type": 8, "object_id": "48", "object_repr": "Why has Kim Jong-un halted North Korean tests now?", "action_flag": 1, "change_message": "[{\"added\": {}}]"}}, {"model": "admin.logentry", "pk": 192, "fields": {"action_time": "2018-04-21T03:24:37.963Z", "user": 1, "content_type": 10, "object_id": "52", "object_repr": "uploads/images/30738729_1665409056839433_4150671732182614016_n.jpg", "action_flag": 1, "change_message": "[{\"added\": {}}]"}}, {"model": "admin.logentry", "pk": 193, "fields": {"action_time": "2018-04-21T03:25:14.571Z", "user": 1, "content_type": 11, "object_id": "29", "object_repr": "Musique", "action_flag": 1, "change_message": "[{\"added\": {}}]"}}, {"model": "admin.logentry", "pk": 194, "fields": {"action_time": "2018-04-21T03:25:18.088Z", "user": 1, "content_type": 8, "object_id": "49", "object_repr": "Avicii: The superstar DJ behind some of the decade's biggest hits", "action_flag": 1, "change_message": "[{\"added\": {}}]"}}, {"model": "admin.logentry", "pk": 195, "fields": {"action_time": "2018-04-21T04:12:30.950Z", "user": 1, "content_type": 8, "object_id": "1", "object_repr": "Amazon\u2019s Apple Watch killer will be free and sell you everything", "action_flag": 2, "change_message": "[{\"changed\": {\"fields\": [\"smallTitre\"]}}]"}}, {"model": "admin.logentry", "pk": 196, "fields": {"action_time": "2018-04-21T04:12:59.620Z", "user": 1, "content_type": 8, "object_id": "1", "object_repr": "Amazon\u2019s Apple Watch killer will be free and sell you everything", "action_flag": 2, "change_message": "[{\"changed\": {\"fields\": [\"smallTitre\"]}}]"}}, {"model": "admin.logentry", "pk": 197, "fields": {"action_time": "2018-04-22T00:32:26.079Z", "user": 1, "content_type": 13, "object_id": "azerty10casa@outlook.fr", "object_repr": "azerty10casa@outlook.fr", "action_flag": 3, "change_message": ""}}, {"model": "admin.logentry", "pk": 198, "fields": {"action_time": "2018-04-22T00:32:26.204Z", "user": 1, "content_type": 13, "object_id": "anassoujri@live.fr", "object_repr": "anassoujri@live.fr", "action_flag": 3, "change_message": ""}}, {"model": "admin.logentry", "pk": 199, "fields": {"action_time": "2018-04-22T00:32:26.307Z", "user": 1, "content_type": 13, "object_id": "anass.urh@outlook.frr", "object_repr": "anass.urh@outlook.frr", "action_flag": 3, "change_message": ""}}, {"model": "admin.logentry", "pk": 200, "fields": {"action_time": "2018-04-22T00:32:26.514Z", "user": 1, "content_type": 13, "object_id": "anass.urh@outlook.fr", "object_repr": "anass.urh@outlook.fr", "action_flag": 3, "change_message": ""}}, {"model": "admin.logentry", "pk": 201, "fields": {"action_time": "2018-04-22T03:04:23.640Z", "user": 1, "content_type": 10, "object_id": "53", "object_repr": "uploads/images/crop.php.jpg", "action_flag": 1, "change_message": "[{\"added\": {}}]"}}, {"model": "admin.logentry", "pk": 202, "fields": {"action_time": "2018-04-22T03:25:59.904Z", "user": 1, "content_type": 15, "object_id": "54", "object_repr": "uploads/images/crop.php_q2bkDrw.jpg", "action_flag": 1, "change_message": "[{\"added\": {}}]"}}, {"model": "admin.logentry", "pk": 203, "fields": {"action_time": "2018-04-22T14:29:47.920Z", "user": 1, "content_type": 14, "object_id": "50", "object_repr": "Thank you AVICII", "action_flag": 1, "change_message": "[{\"added\": {}}]"}}, {"model": "admin.logentry", "pk": 204, "fields": {"action_time": "2018-04-22T14:36:26.989Z", "user": 1, "content_type": 10, "object_id": "55", "object_repr": "uploads/images/ob_4b94cb_32862592853-4575c58f25-o.jpg", "action_flag": 1, "change_message": "[{\"added\": {}}]"}}, {"model": "admin.logentry", "pk": 205, "fields": {"action_time": "2018-04-22T14:37:11.902Z", "user": 1, "content_type": 14, "object_id": "51", "object_repr": "FAR MAROC : F-16 refueling - Exercice African Lion 2018", "action_flag": 1, "change_message": "[{\"added\": {}}]"}}, {"model": "admin.logentry", "pk": 206, "fields": {"action_time": "2018-04-22T14:41:28.925Z", "user": 1, "content_type": 10, "object_id": "56", "object_repr": "uploads/images/maxresdefault.jpg", "action_flag": 1, "change_message": "[{\"added\": {}}]"}}, {"model": "admin.logentry", "pk": 207, "fields": {"action_time": "2018-04-22T14:42:13.191Z", "user": 1, "content_type": 11, "object_id": "30", "object_repr": "Maroc2026", "action_flag": 1, "change_message": "[{\"added\": {}}]"}}, {"model": "admin.logentry", "pk": 208, "fields": {"action_time": "2018-04-22T14:42:17.800Z", "user": 1, "content_type": 14, "object_id": "52", "object_repr": "Moulay Hafid Elalamy : \u00abLa Task Force juge admirable le dossier marocain\u00bb", "action_flag": 1, "change_message": "[{\"added\": {}}]"}}, {"model": "admin.logentry", "pk": 209, "fields": {"action_time": "2018-04-22T15:25:34.976Z", "user": 1, "content_type": 10, "object_id": "57", "object_repr": "uploads/images/nintchdbpict000289110538.jpg", "action_flag": 1, "change_message": "[{\"added\": {}}]"}}, {"model": "admin.logentry", "pk": 210, "fields": {"action_time": "2018-04-22T15:26:22.299Z", "user": 1, "content_type": 14, "object_id": "53", "object_repr": "London Marathon - finish-line live", "action_flag": 1, "change_message": "[{\"added\": {}}]"}}, {"model": "admin.logentry", "pk": 211, "fields": {"action_time": "2018-04-22T15:32:47.541Z", "user": 1, "content_type": 10, "object_id": "58", "object_repr": "uploads/images/verne-troyer-austin-powers-actor-dead-at-49.jpg", "action_flag": 1, "change_message": "[{\"added\": {}}]"}}, {"model": "admin.logentry", "pk": 212, "fields": {"action_time": "2018-04-22T15:33:23.037Z", "user": 1, "content_type": 11, "object_id": "31", "object_repr": "Film", "action_flag": 1, "change_message": "[{\"added\": {}}]"}}, {"model": "admin.logentry", "pk": 213, "fields": {"action_time": "2018-04-22T15:33:56.324Z", "user": 1, "content_type": 14, "object_id": "54", "object_repr": "Verne Troyer: Austin Powers star's film and TV moments", "action_flag": 1, "change_message": "[{\"added\": {}}]"}}, {"model": "admin.logentry", "pk": 214, "fields": {"action_time": "2018-04-22T18:09:51.939Z", "user": 1, "content_type": 14, "object_id": "54", "object_repr": "Verne Troyer: Austin Powers star's film and TV moments", "action_flag": 2, "change_message": "[{\"changed\": {\"fields\": [\"resume\"]}}]"}}, {"model": "admin.logentry", "pk": 215, "fields": {"action_time": "2018-04-22T18:10:00.921Z", "user": 1, "content_type": 14, "object_id": "53", "object_repr": "London Marathon - finish-line live", "action_flag": 2, "change_message": "[{\"changed\": {\"fields\": [\"resume\"]}}]"}}, {"model": "admin.logentry", "pk": 216, "fields": {"action_time": "2018-04-22T18:10:09.416Z", "user": 1, "content_type": 14, "object_id": "52", "object_repr": "Moulay Hafid Elalamy : \u00abLa Task Force juge admirable le dossier marocain\u00bb", "action_flag": 2, "change_message": "[{\"changed\": {\"fields\": [\"resume\"]}}]"}}, {"model": "admin.logentry", "pk": 217, "fields": {"action_time": "2018-04-22T18:10:17.249Z", "user": 1, "content_type": 14, "object_id": "51", "object_repr": "FAR MAROC : F-16 refueling - Exercice African Lion 2018", "action_flag": 2, "change_message": "[{\"changed\": {\"fields\": [\"resume\"]}}]"}}, {"model": "admin.logentry", "pk": 218, "fields": {"action_time": "2018-04-22T18:10:32.512Z", "user": 1, "content_type": 14, "object_id": "50", "object_repr": "Thank you AVICII", "action_flag": 2, "change_message": "[{\"changed\": {\"fields\": [\"nombreVue\", \"resume\"]}}]"}}, {"model": "admin.logentry", "pk": 219, "fields": {"action_time": "2018-04-22T18:10:45.506Z", "user": 1, "content_type": 14, "object_id": "52", "object_repr": "Moulay Hafid Elalamy : \u00abLa Task Force juge admirable le dossier marocain\u00bb", "action_flag": 2, "change_message": "[{\"changed\": {\"fields\": [\"nombreVue\"]}}]"}}, {"model": "admin.logentry", "pk": 220, "fields": {"action_time": "2018-04-22T18:41:33.923Z", "user": 1, "content_type": 12, "object_id": "3", "object_repr": "Anass OUJRI 2018-04-22 18:41:33.903982+00:00", "action_flag": 1, "change_message": "[{\"added\": {}}]"}}, {"model": "admin.logentry", "pk": 221, "fields": {"action_time": "2018-04-22T18:43:23.376Z", "user": 1, "content_type": 12, "object_id": "4", "object_repr": "Attention !! 2018-04-22 18:43:23.376947+00:00", "action_flag": 1, "change_message": "[{\"added\": {}}]"}}, {"model": "admin.logentry", "pk": 222, "fields": {"action_time": "2018-04-22T18:45:49.433Z", "user": 1, "content_type": 12, "object_id": "5", "object_repr": "Marocain 2018-04-22 18:45:49.433789+00:00", "action_flag": 1, "change_message": "[{\"added\": {}}]"}}, {"model": "admin.logentry", "pk": 223, "fields": {"action_time": "2018-04-22T21:19:36.595Z", "user": 1, "content_type": 13, "object_id": "anass.urh@outlook.frr", "object_repr": "anass.urh@outlook.frr", "action_flag": 3, "change_message": ""}}, {"model": "admin.logentry", "pk": 224, "fields": {"action_time": "2018-04-22T21:54:53.822Z", "user": 1, "content_type": 13, "object_id": "lpg@live.fr", "object_repr": "lpg@live.fr", "action_flag": 3, "change_message": ""}}, {"model": "admin.logentry", "pk": 225, "fields": {"action_time": "2018-04-22T21:54:53.829Z", "user": 1, "content_type": 13, "object_id": "anass.urh@outlook.free", "object_repr": "anass.urh@outlook.free", "action_flag": 3, "change_message": ""}}, {"model": "admin.logentry", "pk": 226, "fields": {"action_time": "2018-04-23T18:54:41.308Z", "user": 1, "content_type": 7, "object_id": "8", "object_repr": "economie", "action_flag": 2, "change_message": "[{\"changed\": {\"fields\": [\"name\"]}}]"}}, {"model": "admin.logentry", "pk": 227, "fields": {"action_time": "2018-04-23T18:54:46.319Z", "user": 1, "content_type": 7, "object_id": "5", "object_repr": "internationnal", "action_flag": 2, "change_message": "[{\"changed\": {\"fields\": [\"name\"]}}]"}}, {"model": "admin.logentry", "pk": 228, "fields": {"action_time": "2018-04-23T18:54:52.652Z", "user": 1, "content_type": 7, "object_id": "4", "object_repr": "style de vie", "action_flag": 2, "change_message": "[{\"changed\": {\"fields\": [\"name\"]}}]"}}, {"model": "admin.logentry", "pk": 229, "fields": {"action_time": "2018-04-23T18:55:01.396Z", "user": 1, "content_type": 7, "object_id": "3", "object_repr": "technologie", "action_flag": 2, "change_message": "[{\"changed\": {\"fields\": [\"name\"]}}]"}}, {"model": "admin.logentry", "pk": 230, "fields": {"action_time": "2018-04-23T18:55:07.767Z", "user": 1, "content_type": 7, "object_id": "2", "object_repr": "sports", "action_flag": 2, "change_message": "[{\"changed\": {\"fields\": [\"name\"]}}]"}}, {"model": "admin.logentry", "pk": 231, "fields": {"action_time": "2018-04-23T18:55:18.100Z", "user": 1, "content_type": 7, "object_id": "1", "object_repr": "news", "action_flag": 2, "change_message": "[{\"changed\": {\"fields\": [\"name\"]}}]"}}, {"model": "admin.logentry", "pk": 232, "fields": {"action_time": "2018-04-23T19:03:18.501Z", "user": 1, "content_type": 8, "object_id": "46", "object_repr": "France. Un imam salafiste connu pour ses pr\u00eaches radicaux expuls\u00e9 vers l'Alg\u00e9rie", "action_flag": 2, "change_message": "[{\"changed\": {\"fields\": [\"smallTitre\"]}}]"}}, {"model": "admin.logentry", "pk": 233, "fields": {"action_time": "2018-04-23T19:34:02.813Z", "user": 1, "content_type": 7, "object_id": "4", "object_repr": "styleDeVie", "action_flag": 2, "change_message": "[{\"changed\": {\"fields\": [\"name\"]}}]"}}, {"model": "admin.logentry", "pk": 234, "fields": {"action_time": "2018-04-23T19:50:25.387Z", "user": 1, "content_type": 12, "object_id": "6", "object_repr": "Anass 2018-04-23 19:50:25.383940+00:00", "action_flag": 1, "change_message": "[{\"added\": {}}]"}}, {"model": "admin.logentry", "pk": 235, "fields": {"action_time": "2018-04-23T19:50:42.722Z", "user": 1, "content_type": 8, "object_id": "49", "object_repr": "Avicii: The superstar DJ behind some of the decade's biggest hits", "action_flag": 2, "change_message": "[{\"changed\": {\"fields\": [\"nombreComment\"]}}]"}}, {"model": "admin.logentry", "pk": 236, "fields": {"action_time": "2018-04-23T20:08:44.571Z", "user": 1, "content_type": 8, "object_id": "47", "object_repr": "North Korea 'halts missile and nuclear tests', says Kim Jong-un", "action_flag": 2, "change_message": "[{\"changed\": {\"fields\": [\"contenu\"]}}]"}}, {"model": "admin.logentry", "pk": 237, "fields": {"action_time": "2018-04-24T00:25:38.952Z", "user": 1, "content_type": 8, "object_id": "49", "object_repr": "Avicii: The superstar DJ behind some of the decade's biggest hits", "action_flag": 2, "change_message": "[{\"changed\": {\"fields\": [\"contenu\", \"tag\"]}}]"}}, {"model": "admin.logentry", "pk": 238, "fields": {"action_time": "2018-04-24T21:41:01.188Z", "user": 1, "content_type": 12, "object_id": "8", "object_repr": "Anass OUJRI 2018-04-24", "action_flag": 3, "change_message": ""}}, {"model": "admin.logentry", "pk": 239, "fields": {"action_time": "2018-04-24T21:41:01.232Z", "user": 1, "content_type": 12, "object_id": "6", "object_repr": "Anass 2018-04-23", "action_flag": 3, "change_message": ""}}, {"model": "admin.logentry", "pk": 240, "fields": {"action_time": "2018-04-24T21:41:01.235Z", "user": 1, "content_type": 12, "object_id": "5", "object_repr": "Marocain 2018-04-22", "action_flag": 3, "change_message": ""}}, {"model": "admin.logentry", "pk": 241, "fields": {"action_time": "2018-04-24T21:41:01.237Z", "user": 1, "content_type": 12, "object_id": "4", "object_repr": "Attention !! 2018-04-22", "action_flag": 3, "change_message": ""}}, {"model": "admin.logentry", "pk": 242, "fields": {"action_time": "2018-04-24T21:41:01.240Z", "user": 1, "content_type": 12, "object_id": "3", "object_repr": "Anass OUJRI 2018-04-22", "action_flag": 3, "change_message": ""}}, {"model": "admin.logentry", "pk": 243, "fields": {"action_time": "2018-04-24T22:10:57.157Z", "user": 1, "content_type": 16, "object_id": "1", "object_repr": "Hamza Haf 2018-04-24", "action_flag": 1, "change_message": "[{\"added\": {}}]"}}, {"model": "admin.logentry", "pk": 244, "fields": {"action_time": "2018-04-24T22:34:10.926Z", "user": 1, "content_type": 16, "object_id": "1", "object_repr": "Hamza Haf 2018-04-24", "action_flag": 2, "change_message": "[{\"changed\": {\"fields\": [\"news\"]}}]"}}, {"model": "admin.logentry", "pk": 245, "fields": {"action_time": "2018-04-24T22:45:59.508Z", "user": 1, "content_type": 12, "object_id": "14", "object_repr": "last test 2018-04-24", "action_flag": 3, "change_message": ""}}, {"model": "admin.logentry", "pk": 246, "fields": {"action_time": "2018-04-24T22:45:59.515Z", "user": 1, "content_type": 12, "object_id": "13", "object_repr": "teste 2018-04-24", "action_flag": 3, "change_message": ""}}, {"model": "admin.logentry", "pk": 247, "fields": {"action_time": "2018-04-25T04:14:13.347Z", "user": 1, "content_type": 17, "object_id": "13", "object_repr": "test@test.fr2018-04-25", "action_flag": 3, "change_message": ""}}, {"model": "admin.logentry", "pk": 248, "fields": {"action_time": "2018-04-25T04:14:13.353Z", "user": 1, "content_type": 17, "object_id": "12", "object_repr": "test2018-04-25", "action_flag": 3, "change_message": ""}}, {"model": "admin.logentry", "pk": 249, "fields": {"action_time": "2018-04-25T04:14:13.356Z", "user": 1, "content_type": 17, "object_id": "11", "object_repr": "test@test.fr2018-04-25", "action_flag": 3, "change_message": ""}}, {"model": "admin.logentry", "pk": 250, "fields": {"action_time": "2018-04-25T04:14:13.358Z", "user": 1, "content_type": 17, "object_id": "10", "object_repr": "anass.urh@outlook.fr2018-04-25", "action_flag": 3, "change_message": ""}}, {"model": "admin.logentry", "pk": 251, "fields": {"action_time": "2018-04-25T04:14:13.360Z", "user": 1, "content_type": 17, "object_id": "9", "object_repr": "anass.urh@outlook.fr2018-04-25", "action_flag": 3, "change_message": ""}}, {"model": "admin.logentry", "pk": 252, "fields": {"action_time": "2018-04-25T04:14:13.363Z", "user": 1, "content_type": 17, "object_id": "8", "object_repr": "test@test.fr2018-04-25", "action_flag": 3, "change_message": ""}}, {"model": "admin.logentry", "pk": 253, "fields": {"action_time": "2018-04-25T04:14:13.365Z", "user": 1, "content_type": 17, "object_id": "7", "object_repr": "test@test.fr2018-04-25", "action_flag": 3, "change_message": ""}}, {"model": "admin.logentry", "pk": 254, "fields": {"action_time": "2018-04-25T04:14:13.367Z", "user": 1, "content_type": 17, "object_id": "6", "object_repr": "test@test.fr2018-04-25", "action_flag": 3, "change_message": ""}}, {"model": "admin.logentry", "pk": 255, "fields": {"action_time": "2018-04-25T04:14:13.369Z", "user": 1, "content_type": 17, "object_id": "5", "object_repr": "test@test.fr2018-04-25", "action_flag": 3, "change_message": ""}}, {"model": "admin.logentry", "pk": 256, "fields": {"action_time": "2018-04-25T04:14:13.371Z", "user": 1, "content_type": 17, "object_id": "4", "object_repr": "lpg@live.fr2018-04-25", "action_flag": 3, "change_message": ""}}, {"model": "admin.logentry", "pk": 257, "fields": {"action_time": "2018-04-25T04:14:13.374Z", "user": 1, "content_type": 17, "object_id": "3", "object_repr": "lpg@live.fr2018-04-25", "action_flag": 3, "change_message": ""}}, {"model": "admin.logentry", "pk": 258, "fields": {"action_time": "2018-04-25T04:14:13.376Z", "user": 1, "content_type": 17, "object_id": "2", "object_repr": "lpg@live.fr2018-04-25", "action_flag": 3, "change_message": ""}}, {"model": "admin.logentry", "pk": 259, "fields": {"action_time": "2018-04-25T04:14:13.378Z", "user": 1, "content_type": 17, "object_id": "1", "object_repr": "anass.urh@outlook.fr2018-04-25", "action_flag": 3, "change_message": ""}}, {"model": "admin.logentry", "pk": 260, "fields": {"action_time": "2018-04-25T04:14:24.895Z", "user": 1, "content_type": 18, "object_id": "4", "object_repr": "test@test.fr2018-04-25", "action_flag": 3, "change_message": ""}}, {"model": "admin.logentry", "pk": 261, "fields": {"action_time": "2018-04-25T04:14:24.900Z", "user": 1, "content_type": 18, "object_id": "3", "object_repr": "test@test.fr2018-04-25", "action_flag": 3, "change_message": ""}}, {"model": "admin.logentry", "pk": 262, "fields": {"action_time": "2018-04-25T04:14:24.904Z", "user": 1, "content_type": 18, "object_id": "2", "object_repr": "test@test.fr2018-04-25", "action_flag": 3, "change_message": ""}}, {"model": "admin.logentry", "pk": 263, "fields": {"action_time": "2018-04-25T04:14:24.906Z", "user": 1, "content_type": 18, "object_id": "1", "object_repr": "anass.urh@outlook.fr2018-04-25", "action_flag": 3, "change_message": ""}}, {"model": "admin.logentry", "pk": 264, "fields": {"action_time": "2018-04-25T18:20:12.146Z", "user": 1, "content_type": 12, "object_id": "19", "object_repr": "last last test 2018-04-25", "action_flag": 3, "change_message": ""}}, {"model": "admin.logentry", "pk": 265, "fields": {"action_time": "2018-04-25T18:20:12.194Z", "user": 1, "content_type": 12, "object_id": "18", "object_repr": "last test 2018-04-25", "action_flag": 3, "change_message": ""}}, {"model": "admin.logentry", "pk": 266, "fields": {"action_time": "2018-04-25T18:20:12.196Z", "user": 1, "content_type": 12, "object_id": "17", "object_repr": "test 2018-04-25", "action_flag": 3, "change_message": ""}}, {"model": "admin.logentry", "pk": 267, "fields": {"action_time": "2018-04-25T18:20:12.198Z", "user": 1, "content_type": 12, "object_id": "16", "object_repr": "test 2018-04-25", "action_flag": 3, "change_message": ""}}, {"model": "admin.logentry", "pk": 268, "fields": {"action_time": "2018-04-25T22:36:16.962Z", "user": 1, "content_type": 7, "object_id": "1", "object_repr": "actualit\u00e9s", "action_flag": 2, "change_message": "[{\"changed\": {\"fields\": [\"name\"]}}]"}}, {"model": "admin.logentry", "pk": 269, "fields": {"action_time": "2018-04-25T22:38:18.373Z", "user": 1, "content_type": 7, "object_id": "1", "object_repr": "actualites", "action_flag": 2, "change_message": "[{\"changed\": {\"fields\": [\"name\"]}}]"}}, {"model": "admin.logentry", "pk": 270, "fields": {"action_time": "2018-04-27T17:48:29.119Z", "user": 1, "content_type": 7, "object_id": "8", "object_repr": "economie", "action_flag": 2, "change_message": "[{\"changed\": {\"fields\": [\"description\"]}}]"}}, {"model": "admin.logentry", "pk": 271, "fields": {"action_time": "2018-04-27T17:48:35.882Z", "user": 1, "content_type": 7, "object_id": "5", "object_repr": "internationnal", "action_flag": 2, "change_message": "[{\"changed\": {\"fields\": [\"description\"]}}]"}}, {"model": "admin.logentry", "pk": 272, "fields": {"action_time": "2018-04-27T17:48:41.637Z", "user": 1, "content_type": 7, "object_id": "4", "object_repr": "styleDeVie", "action_flag": 2, "change_message": "[{\"changed\": {\"fields\": [\"description\"]}}]"}}, {"model": "admin.logentry", "pk": 273, "fields": {"action_time": "2018-04-27T17:48:47.471Z", "user": 1, "content_type": 7, "object_id": "4", "object_repr": "styleDeVie", "action_flag": 2, "change_message": "[]"}}, {"model": "admin.logentry", "pk": 274, "fields": {"action_time": "2018-04-27T17:48:53.126Z", "user": 1, "content_type": 7, "object_id": "3", "object_repr": "technologie", "action_flag": 2, "change_message": "[{\"changed\": {\"fields\": [\"description\"]}}]"}}, {"model": "admin.logentry", "pk": 275, "fields": {"action_time": "2018-04-27T17:49:03.819Z", "user": 1, "content_type": 7, "object_id": "2", "object_repr": "sports", "action_flag": 2, "change_message": "[{\"changed\": {\"fields\": [\"description\"]}}]"}}, {"model": "admin.logentry", "pk": 276, "fields": {"action_time": "2018-04-27T17:49:09.957Z", "user": 1, "content_type": 7, "object_id": "1", "object_repr": "actualites", "action_flag": 2, "change_message": "[{\"changed\": {\"fields\": [\"description\"]}}]"}}, {"model": "admin.logentry", "pk": 277, "fields": {"action_time": "2018-04-29T17:59:11.458Z", "user": 1, "content_type": 10, "object_id": "59", "object_repr": "journal/uploads/images/profileicon.jpg", "action_flag": 1, "change_message": "[{\"added\": {}}]"}}, {"model": "admin.logentry", "pk": 278, "fields": {"action_time": "2018-04-29T18:05:21.667Z", "user": 1, "content_type": 10, "object_id": "60", "object_repr": "images/profileImage.jpg", "action_flag": 1, "change_message": "[{\"added\": {}}]"}}, {"model": "admin.logentry", "pk": 279, "fields": {"action_time": "2018-04-29T18:31:42.522Z", "user": 1, "content_type": 9, "object_id": "1", "object_repr": "OUJRI Anass", "action_flag": 2, "change_message": "[{\"changed\": {\"fields\": [\"description\", \"facebook\", \"twitter\", \"youtube\", \"instagram\"]}}]"}}, {"model": "admin.logentry", "pk": 280, "fields": {"action_time": "2018-04-29T18:57:00.625Z", "user": 1, "content_type": 9, "object_id": "1", "object_repr": "OUJRI Anass", "action_flag": 2, "change_message": "[{\"changed\": {\"fields\": [\"link\"]}}]"}}, {"model": "admin.logentry", "pk": 281, "fields": {"action_time": "2018-04-29T19:15:41.369Z", "user": 1, "content_type": 9, "object_id": "1", "object_repr": "OUJRI Anass", "action_flag": 2, "change_message": "[{\"changed\": {\"fields\": [\"google\", \"linkedin\"]}}]"}}, {"model": "admin.logentry", "pk": 282, "fields": {"action_time": "2018-04-29T21:11:58.719Z", "user": 1, "content_type": 9, "object_id": "2", "object_repr": "Armin Vans", "action_flag": 1, "change_message": "[{\"added\": {}}]"}}, {"model": "admin.logentry", "pk": 283, "fields": {"action_time": "2018-04-29T21:20:12.038Z", "user": 1, "content_type": 9, "object_id": "1", "object_repr": "OUJRI Anass", "action_flag": 2, "change_message": "[]"}}, {"model": "admin.logentry", "pk": 284, "fields": {"action_time": "2018-04-29T23:01:46.618Z", "user": 1, "content_type": 9, "object_id": "2", "object_repr": "Armin Vans", "action_flag": 2, "change_message": "[{\"changed\": {\"fields\": [\"link\"]}}]"}}, {"model": "admin.logentry", "pk": 285, "fields": {"action_time": "2018-04-29T23:04:24.725Z", "user": 1, "content_type": 9, "object_id": "3", "object_repr": "Manolo Golo", "action_flag": 1, "change_message": "[{\"added\": {}}]"}}, {"model": "admin.logentry", "pk": 286, "fields": {"action_time": "2018-04-29T23:05:00.180Z", "user": 1, "content_type": 9, "object_id": "4", "object_repr": "toto zolo", "action_flag": 1, "change_message": "[{\"added\": {}}]"}}, {"model": "admin.logentry", "pk": 287, "fields": {"action_time": "2018-04-29T23:05:53.853Z", "user": 1, "content_type": 9, "object_id": "5", "object_repr": "Karim kerimo", "action_flag": 1, "change_message": "[{\"added\": {}}]"}}, {"model": "admin.logentry", "pk": 288, "fields": {"action_time": "2018-04-29T23:11:59.042Z", "user": 1, "content_type": 10, "object_id": "61", "object_repr": "images/12208752_1006178659425509_855604824024584534_n.jpg", "action_flag": 1, "change_message": "[{\"added\": {}}]"}}, {"model": "admin.logentry", "pk": 289, "fields": {"action_time": "2018-04-29T23:12:02.533Z", "user": 1, "content_type": 9, "object_id": "1", "object_repr": "OUJRI Anass", "action_flag": 2, "change_message": "[{\"changed\": {\"fields\": [\"photoDeProfil\"]}}]"}}, {"model": "admin.logentry", "pk": 290, "fields": {"action_time": "2018-04-30T18:38:24.311Z", "user": 1, "content_type": 14, "object_id": "54", "object_repr": "Verne Troyer: Austin Powers star's film and TV moments", "action_flag": 2, "change_message": "[{\"changed\": {\"fields\": [\"promo\"]}}]"}}, {"model": "admin.logentry", "pk": 291, "fields": {"action_time": "2018-04-30T18:58:25.831Z", "user": 1, "content_type": 14, "object_id": "54", "object_repr": "Verne Troyer: Austin Powers star's film and TV moments", "action_flag": 2, "change_message": "[{\"changed\": {\"fields\": [\"promo\"]}}]"}}, {"model": "admin.logentry", "pk": 292, "fields": {"action_time": "2018-04-30T19:11:42.906Z", "user": 1, "content_type": 14, "object_id": "53", "object_repr": "London Marathon - finish-line live", "action_flag": 2, "change_message": "[{\"changed\": {\"fields\": [\"promo\"]}}]"}}, {"model": "admin.logentry", "pk": 293, "fields": {"action_time": "2018-05-01T14:45:05.878Z", "user": 1, "content_type": 10, "object_id": "62", "object_repr": "images/maxresdefault-11.jpg", "action_flag": 1, "change_message": "[{\"added\": {}}]"}}, {"model": "admin.logentry", "pk": 294, "fields": {"action_time": "2018-05-01T14:55:16.467Z", "user": 1, "content_type": 14, "object_id": "60", "object_repr": "Watch Challenging Street Calisthenics Workout in Morocco", "action_flag": 1, "change_message": "[{\"added\": {}}]"}}, {"model": "admin.logentry", "pk": 295, "fields": {"action_time": "2018-05-01T15:05:48.914Z", "user": 1, "content_type": 14, "object_id": "60", "object_repr": "Watch Challenging Street Calisthenics Workout in Morocco", "action_flag": 2, "change_message": "[{\"changed\": {\"fields\": [\"equipe_selection\"]}}]"}}, {"model": "admin.logentry", "pk": 296, "fields": {"action_time": "2018-05-01T15:06:02.392Z", "user": 1, "content_type": 14, "object_id": "52", "object_repr": "Moulay Hafid Elalamy : \u00abLa Task Force juge admirable le dossier marocain\u00bb", "action_flag": 2, "change_message": "[{\"changed\": {\"fields\": [\"equipe_selection\"]}}]"}}, {"model": "admin.logentry", "pk": 297, "fields": {"action_time": "2018-05-01T15:06:11.466Z", "user": 1, "content_type": 14, "object_id": "50", "object_repr": "Thank you AVICII", "action_flag": 2, "change_message": "[{\"changed\": {\"fields\": [\"equipe_selection\"]}}]"}}, {"model": "admin.logentry", "pk": 298, "fields": {"action_time": "2018-05-01T15:06:20.338Z", "user": 1, "content_type": 14, "object_id": "51", "object_repr": "FAR MAROC : F-16 refueling - Exercice African Lion 2018", "action_flag": 2, "change_message": "[{\"changed\": {\"fields\": [\"equipe_selection\"]}}]"}}, {"model": "admin.logentry", "pk": 299, "fields": {"action_time": "2018-05-01T15:14:00.298Z", "user": 1, "content_type": 10, "object_id": "63", "object_repr": "images/maxresdefault-18.jpg", "action_flag": 1, "change_message": "[{\"added\": {}}]"}}, {"model": "admin.logentry", "pk": 300, "fields": {"action_time": "2018-05-01T15:14:30.348Z", "user": 1, "content_type": 14, "object_id": "61", "object_repr": "Highway Drama: the  Gendarmerie Pursues a Crazy Truck Driver", "action_flag": 1, "change_message": "[{\"added\": {}}]"}}, {"model": "admin.logentry", "pk": 301, "fields": {"action_time": "2018-05-01T15:23:34.955Z", "user": 1, "content_type": 10, "object_id": "64", "object_repr": "images/maxresdefault-14.jpg", "action_flag": 1, "change_message": "[{\"added\": {}}]"}}, {"model": "admin.logentry", "pk": 302, "fields": {"action_time": "2018-05-01T15:23:56.585Z", "user": 1, "content_type": 14, "object_id": "62", "object_repr": "Plane Makes Emergency Landing Because of Farting Passenger", "action_flag": 1, "change_message": "[{\"added\": {}}]"}}, {"model": "admin.logentry", "pk": 303, "fields": {"action_time": "2018-05-01T15:38:39.960Z", "user": 1, "content_type": 10, "object_id": "65", "object_repr": "images/%Y/%m/%d/first_4f591a28df.PNG", "action_flag": 1, "change_message": "[{\"added\": {}}]"}}, {"model": "admin.logentry", "pk": 304, "fields": {"action_time": "2018-05-01T15:42:07.611Z", "user": 1, "content_type": 10, "object_id": "66", "object_repr": "images/2018/05/01/first_aac91b2dfe.PNG", "action_flag": 1, "change_message": "[{\"added\": {}}]"}}, {"model": "admin.logentry", "pk": 305, "fields": {"action_time": "2018-05-01T15:50:57.168Z", "user": 1, "content_type": 10, "object_id": "67", "object_repr": "images/2018/05/01/maxresdefault_aeb8736e07.jpg", "action_flag": 1, "change_message": "[{\"added\": {}}]"}}, {"model": "admin.logentry", "pk": 306, "fields": {"action_time": "2018-05-01T15:52:33.413Z", "user": 1, "content_type": 11, "object_id": "32", "object_repr": "China", "action_flag": 1, "change_message": "[{\"added\": {}}]"}}, {"model": "admin.logentry", "pk": 307, "fields": {"action_time": "2018-05-01T15:52:47.437Z", "user": 1, "content_type": 14, "object_id": "63", "object_repr": "Bridge Demolished in Controlled Explosion in China", "action_flag": 1, "change_message": "[{\"added\": {}}]"}}, {"model": "admin.logentry", "pk": 308, "fields": {"action_time": "2018-05-01T16:00:29.848Z", "user": 1, "content_type": 7, "object_id": "9", "object_repr": "Divers", "action_flag": 1, "change_message": "[{\"added\": {}}]"}}, {"model": "admin.logentry", "pk": 309, "fields": {"action_time": "2018-05-01T16:01:34.245Z", "user": 1, "content_type": 10, "object_id": "68", "object_repr": "images/2018/05/01/Moroccan-Markets-101042-800x533_2761c898ab.jpg", "action_flag": 1, "change_message": "[{\"added\": {}}]"}}, {"model": "admin.logentry", "pk": 310, "fields": {"action_time": "2018-05-01T16:02:07.504Z", "user": 1, "content_type": 14, "object_id": "64", "object_repr": "Moroccan Spice Seller Masters German Language", "action_flag": 1, "change_message": "[{\"added\": {}}]"}}, {"model": "admin.logentry", "pk": 311, "fields": {"action_time": "2018-05-01T16:04:15.057Z", "user": 1, "content_type": 10, "object_id": "69", "object_repr": "images/2018/05/01/McDonalds_276bac5ea2.JPG", "action_flag": 1, "change_message": "[{\"added\": {}}]"}}, {"model": "admin.logentry", "pk": 312, "fields": {"action_time": "2018-05-01T16:05:28.689Z", "user": 1, "content_type": 14, "object_id": "65", "object_repr": "McDonald\u2019s Kicks Out Customer for Buying Homeless Man Food", "action_flag": 1, "change_message": "[{\"added\": {}}]"}}, {"model": "admin.logentry", "pk": 313, "fields": {"action_time": "2018-05-01T16:12:20.508Z", "user": 1, "content_type": 7, "object_id": "9", "object_repr": "divers", "action_flag": 2, "change_message": "[{\"changed\": {\"fields\": [\"name\"]}}]"}}, {"model": "admin.logentry", "pk": 314, "fields": {"action_time": "2018-05-01T16:13:23.825Z", "user": 1, "content_type": 10, "object_id": "65", "object_repr": "images/%Y/%m/%d/first_4f591a28df.PNG", "action_flag": 3, "change_message": ""}}, {"model": "admin.logentry", "pk": 315, "fields": {"action_time": "2018-05-01T16:14:23.333Z", "user": 1, "content_type": 14, "object_id": "65", "object_repr": "McDonald\u2019s Kicks Out Customer for Buying Homeless Man Food", "action_flag": 2, "change_message": "[{\"changed\": {\"fields\": [\"categorie\"]}}]"}}, {"model": "admin.logentry", "pk": 316, "fields": {"action_time": "2018-05-01T16:14:34.649Z", "user": 1, "content_type": 14, "object_id": "64", "object_repr": "Moroccan Spice Seller Masters German Language", "action_flag": 2, "change_message": "[{\"changed\": {\"fields\": [\"categorie\"]}}]"}}, {"model": "admin.logentry", "pk": 317, "fields": {"action_time": "2018-05-01T16:14:50.171Z", "user": 1, "content_type": 7, "object_id": "9", "object_repr": "divers", "action_flag": 3, "change_message": ""}}, {"model": "admin.logentry", "pk": 318, "fields": {"action_time": "2018-05-01T16:24:26.922Z", "user": 1, "content_type": 14, "object_id": "65", "object_repr": "McDonald\u2019s Kicks Out Customer for Buying Homeless Man Food", "action_flag": 2, "change_message": "[{\"changed\": {\"fields\": [\"categorie\"]}}]"}}, {"model": "admin.logentry", "pk": 319, "fields": {"action_time": "2018-05-01T16:24:34.903Z", "user": 1, "content_type": 14, "object_id": "64", "object_repr": "Moroccan Spice Seller Masters German Language", "action_flag": 2, "change_message": "[{\"changed\": {\"fields\": [\"categorie\"]}}]"}}, {"model": "admin.logentry", "pk": 320, "fields": {"action_time": "2018-05-01T16:26:16.009Z", "user": 1, "content_type": 10, "object_id": "66", "object_repr": "images/2018/05/01/first_aac91b2dfe.PNG", "action_flag": 3, "change_message": ""}}, {"model": "admin.logentry", "pk": 321, "fields": {"action_time": "2018-05-01T23:59:59.200Z", "user": 1, "content_type": 14, "object_id": "65", "object_repr": "McDonald\u2019s Kicks Out Customer for Buying Homeless Man Food", "action_flag": 2, "change_message": "[{\"changed\": {\"fields\": [\"videoUrl\"]}}]"}}, {"model": "admin.logentry", "pk": 322, "fields": {"action_time": "2018-05-02T00:00:41.893Z", "user": 1, "content_type": 14, "object_id": "51", "object_repr": "FAR MAROC : F-16 refueling - Exercice African Lion 2018", "action_flag": 2, "change_message": "[{\"changed\": {\"fields\": [\"videoUrl\"]}}]"}}, {"model": "admin.logentry", "pk": 323, "fields": {"action_time": "2018-05-02T00:22:26.535Z", "user": 1, "content_type": 14, "object_id": "64", "object_repr": "Moroccan Spice Seller Masters German Language", "action_flag": 2, "change_message": "[{\"changed\": {\"fields\": [\"videoUrl\"]}}]"}}, {"model": "admin.logentry", "pk": 324, "fields": {"action_time": "2018-05-02T00:22:42.873Z", "user": 1, "content_type": 14, "object_id": "63", "object_repr": "Bridge Demolished in Controlled Explosion in China", "action_flag": 2, "change_message": "[{\"changed\": {\"fields\": [\"videoUrl\"]}}]"}}, {"model": "admin.logentry", "pk": 325, "fields": {"action_time": "2018-05-02T00:23:02.836Z", "user": 1, "content_type": 14, "object_id": "62", "object_repr": "Plane Makes Emergency Landing Because of Farting Passenger", "action_flag": 2, "change_message": "[{\"changed\": {\"fields\": [\"videoUrl\"]}}]"}}, {"model": "admin.logentry", "pk": 326, "fields": {"action_time": "2018-05-02T00:23:13.493Z", "user": 1, "content_type": 14, "object_id": "61", "object_repr": "Highway Drama: the  Gendarmerie Pursues a Crazy Truck Driver", "action_flag": 2, "change_message": "[{\"changed\": {\"fields\": [\"videoUrl\"]}}]"}}, {"model": "admin.logentry", "pk": 327, "fields": {"action_time": "2018-05-02T00:23:22.927Z", "user": 1, "content_type": 14, "object_id": "60", "object_repr": "Watch Challenging Street Calisthenics Workout in Morocco", "action_flag": 2, "change_message": "[{\"changed\": {\"fields\": [\"videoUrl\"]}}]"}}, {"model": "admin.logentry", "pk": 328, "fields": {"action_time": "2018-05-02T00:23:35.373Z", "user": 1, "content_type": 14, "object_id": "54", "object_repr": "Verne Troyer: Austin Powers star's film and TV moments", "action_flag": 2, "change_message": "[{\"changed\": {\"fields\": [\"videoUrl\"]}}]"}}, {"model": "admin.logentry", "pk": 329, "fields": {"action_time": "2018-05-02T00:23:56.219Z", "user": 1, "content_type": 14, "object_id": "53", "object_repr": "London Marathon - finish-line live", "action_flag": 2, "change_message": "[{\"changed\": {\"fields\": [\"videoUrl\"]}}]"}}, {"model": "admin.logentry", "pk": 330, "fields": {"action_time": "2018-05-02T00:24:08.138Z", "user": 1, "content_type": 14, "object_id": "52", "object_repr": "Moulay Hafid Elalamy : \u00abLa Task Force juge admirable le dossier marocain\u00bb", "action_flag": 2, "change_message": "[{\"changed\": {\"fields\": [\"videoUrl\"]}}]"}}, {"model": "admin.logentry", "pk": 331, "fields": {"action_time": "2018-05-02T00:24:20.378Z", "user": 1, "content_type": 14, "object_id": "50", "object_repr": "Thank you AVICII", "action_flag": 2, "change_message": "[{\"changed\": {\"fields\": [\"videoUrl\"]}}]"}}, {"model": "admin.logentry", "pk": 332, "fields": {"action_time": "2018-05-02T20:26:20.360Z", "user": 1, "content_type": 14, "object_id": "65", "object_repr": "McDonald\u2019s Kicks Out Customer for Buying Homeless Man Food", "action_flag": 2, "change_message": "[{\"changed\": {\"fields\": [\"contenu\"]}}]"}}, {"model": "admin.logentry", "pk": 333, "fields": {"action_time": "2018-05-02T20:27:03.028Z", "user": 1, "content_type": 14, "object_id": "65", "object_repr": "McDonald\u2019s Kicks Out Customer for Buying Homeless Man Food", "action_flag": 2, "change_message": "[{\"changed\": {\"fields\": [\"contenu\"]}}]"}}, {"model": "admin.logentry", "pk": 334, "fields": {"action_time": "2018-05-02T20:27:40.572Z", "user": 1, "content_type": 14, "object_id": "65", "object_repr": "McDonald\u2019s Kicks Out Customer for Buying Homeless Man Food", "action_flag": 2, "change_message": "[{\"changed\": {\"fields\": [\"contenu\"]}}]"}}, {"model": "admin.logentry", "pk": 335, "fields": {"action_time": "2018-05-02T20:30:56.576Z", "user": 1, "content_type": 14, "object_id": "65", "object_repr": "McDonald\u2019s Kicks Out Customer for Buying Homeless Man Food", "action_flag": 2, "change_message": "[{\"changed\": {\"fields\": [\"contenu\", \"nombreVue\"]}}]"}}, {"model": "admin.logentry", "pk": 336, "fields": {"action_time": "2018-05-02T23:11:34.809Z", "user": 1, "content_type": 4, "object_id": "1", "object_repr": "anass", "action_flag": 2, "change_message": "[{\"changed\": {\"fields\": [\"first_name\", \"last_name\"]}}]"}}, {"model": "admin.logentry", "pk": 337, "fields": {"action_time": "2018-05-04T14:51:40.004Z", "user": 1, "content_type": 8, "object_id": "13", "object_repr": "Health star ratings Kellogg reveals the cereal", "action_flag": 2, "change_message": "[{\"changed\": {\"fields\": [\"comment_enable\"]}}]"}}, {"model": "admin.logentry", "pk": 338, "fields": {"action_time": "2018-05-04T15:20:04.112Z", "user": 1, "content_type": 26, "object_id": "1", "object_repr": "CommentFilter object (1)", "action_flag": 1, "change_message": "[{\"added\": {}}]"}}, {"model": "admin.logentry", "pk": 339, "fields": {"action_time": "2018-05-04T15:20:07.924Z", "user": 1, "content_type": 26, "object_id": "2", "object_repr": "CommentFilter object (2)", "action_flag": 1, "change_message": "[{\"added\": {}}]"}}, {"model": "admin.logentry", "pk": 340, "fields": {"action_time": "2018-05-04T15:20:12.032Z", "user": 1, "content_type": 26, "object_id": "3", "object_repr": "CommentFilter object (3)", "action_flag": 1, "change_message": "[{\"added\": {}}]"}}, {"model": "admin.logentry", "pk": 341, "fields": {"action_time": "2018-05-04T17:43:51.444Z", "user": 1, "content_type": 13, "object_id": "test@test.fr", "object_repr": "test@test.fr", "action_flag": 3, "change_message": ""}}, {"model": "admin.logentry", "pk": 342, "fields": {"action_time": "2018-05-04T17:43:51.450Z", "user": 1, "content_type": 13, "object_id": "lpg@live.fr", "object_repr": "lpg@live.fr", "action_flag": 3, "change_message": ""}}, {"model": "admin.logentry", "pk": 343, "fields": {"action_time": "2018-05-04T17:43:51.453Z", "user": 1, "content_type": 13, "object_id": "azerty10@live.fr", "object_repr": "azerty10@live.fr", "action_flag": 3, "change_message": ""}}, {"model": "admin.logentry", "pk": 344, "fields": {"action_time": "2018-05-04T17:43:51.455Z", "user": 1, "content_type": 13, "object_id": "anassoujri@live.fr", "object_repr": "anassoujri@live.fr", "action_flag": 3, "change_message": ""}}, {"model": "admin.logentry", "pk": 345, "fields": {"action_time": "2018-05-04T17:43:51.458Z", "user": 1, "content_type": 13, "object_id": "anass@live.fr", "object_repr": "anass@live.fr", "action_flag": 3, "change_message": ""}}, {"model": "admin.logentry", "pk": 346, "fields": {"action_time": "2018-05-04T17:43:51.460Z", "user": 1, "content_type": 13, "object_id": "anass.urh@outlook.frr", "object_repr": "anass.urh@outlook.frr", "action_flag": 3, "change_message": ""}}, {"model": "admin.logentry", "pk": 347, "fields": {"action_time": "2018-05-05T01:55:51.815Z", "user": 1, "content_type": 11, "object_id": "14", "object_repr": "USA", "action_flag": 2, "change_message": "[{\"changed\": {\"fields\": [\"name\"]}}]"}}, {"model": "admin.logentry", "pk": 348, "fields": {"action_time": "2018-05-05T01:56:47.272Z", "user": 1, "content_type": 11, "object_id": "17", "object_repr": "Reseaux sociaux", "action_flag": 2, "change_message": "[{\"changed\": {\"fields\": [\"name\"]}}]"}}, {"model": "admin.logentry", "pk": 349, "fields": {"action_time": "2018-05-05T01:59:00.120Z", "user": 1, "content_type": 11, "object_id": "25", "object_repr": "UnionEuropeenne", "action_flag": 2, "change_message": "[{\"changed\": {\"fields\": [\"name\"]}}]"}}, {"model": "admin.logentry", "pk": 350, "fields": {"action_time": "2018-05-05T01:59:33.320Z", "user": 1, "content_type": 11, "object_id": "28", "object_repr": "NorthKorea", "action_flag": 2, "change_message": "[{\"changed\": {\"fields\": [\"name\"]}}]"}}, {"model": "admin.logentry", "pk": 351, "fields": {"action_time": "2018-05-05T01:59:45.984Z", "user": 1, "content_type": 11, "object_id": "17", "object_repr": "ReseauxSociaux", "action_flag": 2, "change_message": "[{\"changed\": {\"fields\": [\"name\"]}}]"}}, {"model": "admin.logentry", "pk": 352, "fields": {"action_time": "2018-05-05T02:00:03.513Z", "user": 1, "content_type": 11, "object_id": "9", "object_repr": "LigueDesChampions", "action_flag": 2, "change_message": "[{\"changed\": {\"fields\": [\"name\"]}}]"}}, {"model": "admin.logentry", "pk": 353, "fields": {"action_time": "2018-05-05T02:00:23.047Z", "user": 1, "content_type": 11, "object_id": "3", "object_repr": "SanteEtForme", "action_flag": 2, "change_message": "[{\"changed\": {\"fields\": [\"name\"]}}]"}}, {"model": "admin.logentry", "pk": 354, "fields": {"action_time": "2018-05-05T02:00:35.204Z", "user": 1, "content_type": 11, "object_id": "1", "object_repr": "StyleDeVie", "action_flag": 2, "change_message": "[{\"changed\": {\"fields\": [\"name\"]}}]"}}, {"model": "main_app.profil", "pk": 1, "fields": {"date_naissance": null, "website": "", "entreprise": null, "user": 2, "photo_profil": null, "photo_couverture": null, "facebook": "", "youtube": "", "instagram": "", "linkedin": "", "tel": "", "ville": "", "pays": "", "fonction": "", "service": "", "token_email": "UUXpyL1M93cqRG29e9Nj4spUWAqRv5Xm", "token_email_expiration": "2018-05-05T00:21:17.642Z"}}, {"model": "main_app.profil", "pk": 2, "fields": {"date_naissance": null, "website": "", "entreprise": null, "user": 3, "photo_profil": null, "photo_couverture": null, "facebook": "", "youtube": "", "instagram": "", "linkedin": "", "tel": "", "ville": "", "pays": "", "fonction": "", "service": "", "token_email": "O1J0RiRled22RaMjwhLUTwLLqpod01QT", "token_email_expiration": "2018-05-05T00:25:00.040Z"}}]